Player,Team,Pos,Age,G,AB,R,H,2B,3B,HR,RBI,SB,CS,BB,SO,SH,SF,HBP,AVG,OBP,SLG,OPS
Jarren Duran,BOS,OF,28,160,671,111,191,48,14,21,75,34,7,54,160,1,3,6,.285,.342,.492,.834
Ezequiel Tovar,COL,SS,23,157,655,83,176,45,4,26,78,6,5,23,200,5,7,4,.269,.295,.469,.764
Marcus Semien,TEX,2B,34,159,650,101,154,27,2,23,74,8,3,64,105,0,1,3,.237,.308,.391,.699
Anthony Volpe,NYY,SS,23,160,637,90,155,27,7,12,60,28,7,42,156,2,3,4,.243,.293,.364,.657
Bobby Witt,KC,SS,24,161,636,125,211,45,11,32,109,31,12,57,106,0,8,8,.332,.389,.588,.977
Shohei Ohtani,LAD,DH,30,159,636,134,197,38,7,54,130,59,4,81,162,0,5,6,.310,.390,.646,1.036
Gunnar Henderson,BAL,SS,23,159,630,118,177,31,7,37,92,21,4,78,159,0,4,7,.281,.364,.529,.893
Jose Altuve,HOU,2B,34,153,628,94,185,31,0,20,65,22,7,47,119,0,0,7,.295,.350,.439,.789
Bryan Reynolds,PIT,OF,30,156,622,73,171,29,3,24,88,10,2,57,156,0,3,10,.275,.344,.447,.791
Jose Ramirez,CLE,3B,32,158,620,114,173,39,2,39,118,41,7,54,82,0,6,1,.279,.335,.537,.872
Francisco Lindor,NYM,SS,31,152,618,107,169,39,1,33,91,29,4,56,127,0,3,12,.273,.344,.500,.844
Elly De La Cruz,CIN,SS,23,160,618,105,160,36,10,25,76,67,16,69,218,2,1,6,.259,.339,.471,.810
Vladimir Guerrero,TOR,1B,25,159,616,98,199,44,1,30,103,2,2,72,96,0,4,5,.323,.396,.544,.940
Willy Adames,MIL,SS,29,161,610,93,153,33,0,32,112,21,4,74,173,0,3,1,.251,.331,.462,.793
Pete Alonso,NYM,1B,30,162,608,91,146,31,0,34,88,3,0,70,172,0,4,13,.240,.329,.459,.788
Marcell Ozuna,ATL,DH,34,162,606,96,183,31,0,39,104,1,0,74,170,0,4,3,.302,.378,.546,.924
Nick Castellanos,PHI,OF,33,162,606,80,154,30,4,23,86,6,2,41,139,0,2,10,.254,.311,.431,.742
Jeremy Pena,HOU,SS,27,157,602,78,160,28,2,15,70,20,6,25,111,3,6,14,.266,.308,.394,.702
Matt Olson,ATL,1B,30,162,600,78,148,37,1,29,98,0,0,71,170,0,5,9,.247,.333,.457,.790
Paul Goldschmidt,STL,1B,37,154,599,70,147,33,1,22,65,11,0,47,173,0,2,2,.245,.302,.414,.716
Anthony Santander,BAL,OF,30,155,595,91,140,25,2,44,102,2,0,58,129,0,5,7,.235,.308,.506,.814
William Contreras,MIL,C,27,155,595,99,167,37,2,23,92,9,2,78,139,0,3,3,.281,.365,.466,.831
Manny Machado,SD,3B,32,152,593,77,163,30,0,29,105,11,2,45,124,0,4,1,.275,.325,.472,.797
Salvador Perez,KC,C,34,158,590,58,160,28,0,27,104,0,0,44,129,0,6,11,.271,.330,.456,.786
Teoscar Hernandez,LAD,OF,32,154,589,84,160,32,2,33,99,12,3,53,188,0,1,8,.272,.339,.501,.840
Corbin Carroll,ARI,OF,24,158,589,121,136,22,14,22,74,35,8,73,130,3,9,10,.231,.322,.428,.750
Gleyber Torres,NYY,2B,28,154,587,80,151,26,0,15,63,4,3,65,136,2,8,3,.257,.330,.378,.708
Brendan Donovan,STL,2B,28,153,587,65,163,34,3,14,73,5,5,47,81,0,5,13,.278,.342,.417,.759
Masyn Winn,STL,SS,22,150,587,85,157,32,5,15,57,11,5,41,109,3,5,1,.267,.314,.416,.730
Yainer Diaz,HOU,C,26,148,585,70,175,29,3,16,84,2,0,24,107,0,8,2,.299,.325,.441,.766
Taylor Ward,LAA,OF,31,156,585,73,144,26,2,25,75,6,4,63,163,0,8,7,.246,.323,.426,.749
Andres Gimenez,CLE,2B,26,152,583,64,147,22,1,9,63,30,5,26,97,3,6,15,.252,.298,.340,.638
Nico Hoerner,CHC,2B,27,151,582,86,159,35,1,7,48,31,6,44,66,0,3,12,.273,.335,.373,.708
Alex Bregman,HOU,3B,30,145,581,79,151,30,2,26,75,3,1,44,86,0,4,5,.260,.315,.453,.768
Adolis Garcia,TEX,OF,32,154,580,68,130,27,0,25,85,11,5,45,177,0,6,6,.224,.284,.400,.684
Nolan Arenado,STL,3B,33,152,578,70,157,23,0,16,71,2,2,44,92,0,7,5,.272,.325,.394,.719
Jake Cronenworth,SD,2B,31,155,577,72,139,29,3,17,83,5,2,61,118,1,3,11,.241,.324,.390,.714
Juan Soto,NYY,OF,26,157,576,128,166,31,4,41,109,7,4,129,119,0,4,4,.288,.419,.569,.988
Matt Chapman,SF,3B,31,154,575,98,142,39,2,27,78,15,2,64,158,0,2,6,.247,.328,.463,.791
Maikel Garcia,KC,3B,25,157,575,84,133,27,5,7,58,37,2,42,103,4,5,0,.231,.281,.332,.613
Spencer Steer,CIN,OF,27,158,574,74,129,34,4,20,92,25,3,72,137,0,2,8,.225,.319,.402,.721
Kyle Schwarber,PHI,DH,32,150,573,110,142,22,0,38,104,5,3,106,197,0,8,5,.248,.366,.485,.851
JJ Bleday,OAK,OF,27,159,572,74,139,43,4,20,60,2,3,67,125,1,0,2,.243,.324,.437,.761
Adley Rutschman,BAL,C,27,148,571,68,143,21,1,19,79,1,0,58,103,0,7,2,.250,.318,.391,.709
Brandon Nimmo,NYM,OF,31,151,571,88,128,25,3,23,90,15,0,77,158,0,3,12,.224,.327,.399,.726
Eugenio Suarez,ARI,3B,33,158,571,90,146,28,2,30,101,2,1,49,176,0,11,9,.256,.319,.469,.788
Andrew Vaughn,CWS,1B,26,149,570,55,140,30,1,19,70,2,0,38,132,0,5,6,.246,.297,.402,.699
Ian Happ,CHC,OF,30,153,569,89,138,34,2,25,86,13,2,80,168,0,2,6,.243,.341,.441,.782
Ryan McMahon,COL,3B,30,153,567,68,137,28,0,20,65,4,6,69,185,0,4,3,.242,.325,.397,.722
Julio Rodriguez,SEA,OF,24,143,567,76,155,17,0,20,68,24,5,38,156,0,2,6,.273,.325,.409,.734
Jurickson Profar,SD,OF,32,158,564,94,158,29,0,24,85,10,3,76,101,5,5,18,.280,.380,.459,.839
Josh Naylor,CLE,1B,27,152,563,84,137,27,0,31,108,6,2,58,105,0,4,7,.243,.320,.456,.776
Yandy Diaz,TB,1B,33,145,563,55,158,31,1,14,65,0,0,50,95,0,4,4,.281,.341,.414,.755
Alex Verdugo,NYY,OF,28,149,559,74,130,28,1,13,61,2,1,49,93,2,10,1,.233,.291,.356,.647
Aaron Judge,NYY,OF,32,158,559,122,180,36,1,58,144,10,0,133,171,0,2,9,.322,.458,.701,1.159
Brice Turang,MIL,2B,25,155,559,72,142,24,4,7,57,50,6,50,105,5,3,2,.254,.316,.349,.665
Willi Castro,MIN,OF,27,158,558,89,138,31,5,12,60,14,9,51,150,1,4,21,.247,.331,.385,.716
Alec Bohm,PHI,3B,28,143,554,62,155,44,2,15,97,5,2,40,86,0,6,6,.280,.332,.448,.780
Jackson Merrill,SD,OF,21,156,554,77,162,31,6,24,90,16,3,29,101,4,5,1,.292,.326,.500,.826
Yordan Alvarez,HOU,OF,27,147,552,88,170,34,2,35,86,6,0,69,95,0,4,10,.308,.392,.567,.959
Orlando Arcia,ATL,SS,30,157,551,50,120,24,0,17,46,2,0,41,128,1,7,2,.218,.271,.354,.625
Bryce Harper,PHI,1B,32,145,550,85,157,42,0,30,87,7,4,76,138,1,2,2,.285,.373,.525,.898
Alec Burleson,STL,OF,26,152,547,71,147,20,0,21,78,9,4,35,76,1,6,4,.269,.314,.420,.734
Brent Rooker,OAK,DH,30,145,546,82,160,26,2,39,112,11,3,59,177,0,4,5,.293,.365,.562,.927
Cal Raleigh,SEA,C,28,153,546,73,120,16,0,34,100,6,1,70,176,0,6,6,.220,.312,.436,.748
George Springer,TOR,OF,35,145,545,74,120,19,3,19,56,16,1,60,115,0,2,6,.220,.303,.371,.674
Ceddanne Rafaela,BOS,OF,24,152,544,70,134,23,5,15,75,19,10,15,151,2,3,7,.246,.274,.390,.664
Zach Neto,LAA,SS,24,155,542,70,135,34,1,23,77,30,10,39,140,4,1,16,.249,.318,.443,.761
Freddie Freeman,LAD,1B,35,147,542,81,153,35,2,22,89,9,2,78,100,0,8,10,.282,.378,.476,.854
Brenton Doyle,COL,OF,26,149,542,82,141,24,4,23,72,30,5,46,153,4,8,3,.260,.317,.446,.763
CJ Abrams,WSH,SS,24,138,541,79,133,29,6,20,65,31,12,40,128,1,4,16,.246,.314,.433,.747
Oneil Cruz,PIT,OF,26,146,541,72,140,34,3,21,76,22,1,51,181,0,4,3,.259,.324,.449,.773
Jake Burger,MIA,1B,28,137,535,68,134,23,1,29,76,1,1,31,150,0,4,9,.250,.301,.460,.761
Dansby Swanson,CHC,SS,31,149,534,82,129,27,2,16,66,19,3,54,144,0,3,2,.242,.312,.390,.702
Jonathan India,CIN,2B,28,151,533,84,132,28,2,15,58,13,2,80,125,2,7,15,.248,.357,.392,.749
Jackson Chourio,MIL,OF,20,148,528,80,145,29,4,21,79,22,7,39,121,1,2,3,.275,.327,.464,.791
Rafael Devers,BOS,3B,28,138,525,87,143,34,5,28,83,3,0,67,147,0,6,3,.272,.354,.516,.870
Josh Smith,TEX,3B,27,149,523,67,135,30,1,13,62,11,2,46,121,2,3,18,.258,.337,.394,.731
Carlos Santana,MIN,1B,38,150,521,63,124,26,0,23,71,4,0,65,99,0,2,6,.238,.328,.420,.748
Nolan Schanuel,LAA,1B,23,147,519,62,130,19,0,13,54,10,1,68,103,3,7,9,.250,.343,.362,.705
Matt Vierling,DET,OF,28,144,518,80,133,28,5,16,57,6,1,41,121,0,5,3,.257,.312,.423,.735
Cody Bellinger,CHC,OF,29,130,516,72,137,23,3,18,78,9,2,45,89,0,5,3,.266,.325,.426,.751
Colt Keith,DET,2B,23,148,516,54,134,15,4,13,61,7,1,36,110,0,2,2,.260,.309,.380,.689
Lourdes Gurriel,ARI,OF,31,133,513,72,143,22,2,18,75,7,1,29,101,0,5,6,.279,.322,.435,.757
Riley Greene,DET,OF,24,137,512,82,134,27,6,24,74,4,2,64,156,0,2,5,.262,.348,.479,.827
Seiya Suzuki,CHC,OF,30,132,512,74,145,27,6,21,73,16,6,63,160,0,4,6,.283,.366,.482,.848
Bryson Stott,PHI,2B,27,148,506,65,124,19,2,11,57,32,3,53,93,0,9,3,.245,.315,.356,.671
Trea Turner,PHI,SS,31,121,505,88,149,25,0,21,62,19,4,27,98,0,1,6,.295,.338,.469,.807
Ketel Marte,ARI,2B,31,136,504,93,147,23,2,36,95,7,1,65,106,0,9,5,.292,.372,.560,.932
Brendan Rodgers,COL,2B,28,135,501,67,134,29,1,13,54,1,0,31,132,1,2,4,.267,.314,.407,.721
Luis Arraez,SD,1B,27,117,500,61,159,24,2,4,41,9,3,16,18,1,1,6,.318,.346,.398,.744
Luis Garcia,WSH,2B,24,140,500,58,141,25,1,18,70,22,5,27,86,0,1,0,.282,.318,.444,.762
Colton Cowser,BAL,OF,24,153,499,77,121,24,3,24,69,9,4,52,172,0,3,7,.242,.321,.447,.768
Wyatt Langford,TEX,OF,23,134,499,74,126,25,4,16,74,19,3,51,115,0,3,4,.253,.325,.415,.740
Zack Gelof,OAK,2B,25,138,497,60,105,20,2,17,49,25,3,38,188,3,5,4,.211,.270,.362,.632
Vinnie Pasquantino,KC,1B,27,131,496,64,130,30,2,19,97,1,0,40,71,1,13,4,.262,.315,.446,.761
Michael Busch,CHC,1B,27,152,496,73,123,28,2,21,65,2,1,63,162,0,4,4,.248,.335,.440,.775
Jesus Sanchez,MIA,OF,27,149,489,60,123,25,1,18,64,16,2,41,140,1,2,4,.252,.313,.417,.730
Nathaniel Lowe,TEX,1B,29,140,486,62,129,16,1,16,69,2,0,71,125,0,4,4,.265,.361,.401,.762
Shea Langeliers,OAK,C,27,137,482,58,108,18,2,29,80,4,2,41,145,0,6,5,.224,.288,.450,.738
Steven Kwan,CLE,OF,27,122,480,83,140,16,3,14,44,12,5,53,51,2,0,5,.292,.368,.425,.793
Leody Taveras,TEX,OF,26,151,480,59,110,17,3,12,44,23,6,42,112,3,4,0,.229,.289,.352,.641
Christian Walker,ARI,1B,33,130,479,72,120,26,0,26,84,2,2,55,133,0,8,10,.251,.335,.468,.803
Logan O'Hoppe,LAA,C,25,136,479,64,117,17,1,20,56,2,3,33,155,1,1,8,.244,.303,.409,.712
Andrew Benintendi,CWS,OF,30,135,477,50,109,20,0,20,64,3,2,41,96,0,3,1,.229,.289,.396,.685
Will Smith,LAD,C,29,128,476,77,118,24,2,20,75,1,1,51,105,0,8,9,.248,.327,.433,.760
Heliot Ramos,SF,OF,25,121,475,54,128,23,3,22,72,6,1,37,135,0,4,2,.269,.322,.469,.791
Corey Seager,TEX,SS,30,123,475,68,132,21,0,30,74,1,1,53,96,0,2,3,.278,.353,.512,.865
Sal Frelick,MIL,OF,24,145,475,66,123,22,4,2,32,18,3,39,78,2,1,4,.259,.320,.335,.655
Ryan Mountcastle,BAL,1B,28,124,473,54,128,30,2,13,63,3,0,27,114,0,6,1,.271,.308,.425,.733
Jacob Young,WSH,OF,25,150,468,75,120,24,1,3,36,33,10,30,102,9,2,12,.256,.316,.331,.647
Jake Meyers,HOU,OF,28,148,461,51,101,20,3,13,61,11,3,35,117,3,4,10,.219,.286,.360,.646
Jonah Heim,TEX,C,29,131,459,45,101,12,1,13,59,1,1,26,90,0,2,4,.220,.267,.336,.603
Keibert Ruiz,WSH,C,26,127,459,46,105,21,0,13,57,3,1,16,54,0,5,5,.229,.260,.359,.619
Daulton Varsho,TOR,OF,28,136,459,73,98,21,7,18,58,10,2,48,137,1,1,4,.214,.293,.407,.700
Tyler Stephenson,CIN,C,28,138,457,69,118,26,1,19,66,1,0,48,117,0,2,8,.258,.338,.444,.782
Gavin Sheets,CWS,OF,28,139,451,35,105,24,1,10,45,2,2,43,106,0,3,4,.233,.303,.357,.660
Mookie Betts,LAD,OF,32,116,450,75,130,24,5,19,75,16,2,61,57,0,4,1,.289,.372,.491,.863
Charlie Blackmon,COL,OF,38,124,449,59,115,24,5,12,52,6,2,43,86,0,1,6,.256,.329,.412,.741
Rhys Hoskins,MIL,1B,31,131,449,59,96,14,0,26,82,3,0,53,149,0,6,7,.214,.303,.419,.722
Andrew McCutchen,PIT,DH,38,120,448,66,104,18,1,20,50,3,2,58,133,0,2,7,.232,.328,.411,.739
Connor Wong,BOS,C,28,126,447,54,125,24,1,13,52,8,7,28,114,1,2,9,.280,.333,.425,.758
Cedric Mullins,BAL,OF,30,147,444,69,104,16,3,18,54,32,6,41,98,2,2,5,.234,.305,.405,.710
Ryan O'Hearn,BAL,1B,31,142,443,60,117,21,3,15,59,3,1,46,69,0,3,2,.264,.334,.427,.761
Jake McCarthy,ARI,OF,27,142,442,66,126,13,7,8,56,25,6,31,78,5,3,14,.285,.349,.400,.749
Jose Caballero,TB,SS,28,139,441,53,100,24,1,9,44,44,16,27,133,3,3,9,.227,.283,.347,.630
Michael Harris,ATL,OF,23,110,440,58,116,14,3,16,48,10,6,23,94,0,3,4,.264,.304,.418,.722
Joey Ortiz,MIL,3B,26,142,440,58,105,25,6,11,60,11,6,56,103,3,6,6,.239,.329,.398,.727
Gavin Lux,LAD,2B,27,139,439,59,110,24,2,10,50,5,2,44,110,0,2,2,.251,.320,.383,.703
Michael Conforto,SF,OF,32,130,438,56,104,27,3,20,66,0,1,42,118,0,3,5,.237,.309,.450,.759
J.D. Martinez,NYM,DH,37,120,434,46,102,24,1,16,69,0,0,49,141,0,2,6,.235,.320,.406,.726
Ernie Clement,TOR,3B,28,139,434,48,114,21,3,12,51,12,3,11,41,2,2,3,.263,.284,.408,.692
Xander Bogaerts,SD,SS,32,111,428,50,113,15,1,11,44,13,3,28,79,0,6,1,.264,.307,.381,.688
Mike Yastrzemski,SF,OF,34,140,428,60,99,16,9,18,57,3,2,38,124,1,1,6,.231,.302,.437,.739
Jeimer Candelario,CIN,1B,31,112,427,47,96,23,2,20,56,4,3,27,114,0,3,6,.225,.279,.429,.708
Austin Riley,ATL,3B,27,110,425,63,109,26,2,19,56,0,0,37,118,0,2,5,.256,.322,.461,.783
Jeff McNeil,NYM,2B,32,129,424,57,101,26,0,12,44,5,1,35,68,1,3,9,.238,.308,.384,.692
Bryan De La Cruz,MIA,OF,28,105,424,44,104,19,0,18,51,3,1,25,118,0,2,2,.245,.289,.417,.706
Josh Rojas,SEA,3B,30,143,422,48,95,19,2,8,31,10,4,46,108,1,2,3,.225,.304,.336,.640
Brandon Marsh,PHI,OF,27,135,418,55,104,17,3,16,60,19,3,50,154,1,5,2,.249,.328,.419,.747
Jorge Polanco,SEA,2B,31,118,417,43,89,11,0,16,45,4,2,46,137,0,2,4,.213,.296,.355,.651
Giancarlo Stanton,NYY,DH,35,114,417,49,97,20,0,27,72,0,0,38,143,0,2,2,.233,.298,.475,.773
Jordan Westburg,BAL,2B,26,107,416,57,110,26,5,18,63,6,3,22,97,1,1,7,.264,.312,.481,.793
Mark Vientos,NYM,3B,25,111,413,58,110,22,0,27,71,0,0,33,135,0,5,3,.266,.322,.516,.838
MJ Melendez,KC,OF,26,135,412,44,85,23,3,17,44,4,4,35,113,0,0,3,.206,.273,.400,.673
Jarred Kelenic,ATL,OF,25,131,412,49,95,18,2,15,45,7,2,32,133,1,3,1,.231,.286,.393,.679
Ryan Jeffers,MIN,C,27,122,412,56,93,22,0,21,64,3,0,32,94,1,6,14,.226,.300,.432,.732
Lawrence Butler,OAK,OF,24,125,412,63,108,24,2,22,57,18,0,35,108,0,4,0,.262,.317,.490,.807
Tyler O'Neill,BOS,OF,29,113,411,74,99,18,0,31,61,4,0,53,159,0,2,7,.241,.336,.511,.847
Jo Adell,LAA,OF,25,130,405,54,84,15,2,20,62,15,10,35,126,0,3,7,.207,.280,.402,.682
Luke Raley,SEA,1B,30,137,404,58,98,19,2,22,58,11,2,27,135,2,2,20,.243,.320,.463,.783
Andy Pages,LAD,OF,24,116,403,65,100,23,1,13,46,1,2,29,108,0,4,6,.248,.305,.407,.712
Otto Lopez,MIA,2B,26,117,403,49,109,23,1,6,39,20,4,25,75,2,2,1,.270,.313,.377,.690
Ha-Seong Kim,SD,SS,29,121,403,60,94,16,3,11,47,22,5,58,77,4,3,2,.233,.330,.370,.700
Jose Siri,TB,OF,29,130,402,50,75,16,1,18,47,14,7,31,170,2,4,7,.187,.255,.366,.621
Harrison Bader,NYM,OF,30,143,402,57,95,19,0,12,51,17,8,21,95,0,6,8,.236,.284,.373,.657
Mauricio Dubon,HOU,OF,30,137,402,45,108,25,0,4,47,3,2,16,55,3,5,2,.269,.296,.361,.657
Jose Miranda,MIN,3B,26,121,401,44,114,28,4,9,49,2,2,18,66,0,4,6,.284,.322,.441,.763
Patrick Bailey,SF,C,25,121,401,46,94,16,1,8,46,4,0,39,100,1,7,0,.234,.298,.339,.637
Wilyer Abreu,BOS,OF,25,132,399,59,101,33,2,15,58,8,3,40,125,0,5,3,.253,.322,.459,.781
Michael Toglia,COL,1B,26,116,399,62,87,14,3,25,55,10,1,54,147,0,3,1,.218,.311,.456,.767
Ozzie Albies,ATL,2B,28,99,399,52,100,29,1,10,53,8,1,27,65,0,4,5,.251,.303,.404,.707
Josh Bell,MIA,1B,32,104,398,38,95,18,1,14,49,0,0,34,88,0,3,5,.239,.305,.394,.699
Fernando Tatis,SD,OF,26,102,398,64,110,21,1,21,49,11,3,32,96,0,1,7,.276,.340,.492,.832
Nicky Lopez,CWS,2B,29,124,398,40,96,12,3,1,21,5,7,37,67,6,0,4,.241,.312,.294,.606
Davis Schneider,TOR,2B,26,135,397,48,76,19,1,13,46,6,0,47,144,0,5,5,.191,.282,.343,.625
Max Schuemann,OAK,SS,27,133,396,55,87,14,0,7,34,14,1,47,119,5,4,7,.220,.311,.308,.619
Jared Triolo,PIT,3B,27,125,394,41,85,10,1,9,46,8,1,42,118,0,5,5,.216,.296,.315,.611
Luis Robert,CWS,OF,27,100,393,47,88,19,0,14,35,23,6,28,141,0,1,2,.224,.278,.379,.657
J.P. Crawford,SEA,SS,30,105,392,55,79,16,2,9,37,5,0,52,102,0,1,6,.202,.304,.321,.625
Mickey Moniak,LAA,OF,26,124,392,48,86,17,2,14,49,8,4,21,114,0,1,4,.219,.266,.380,.646
Wenceel Perez,DET,OF,25,112,389,51,94,16,6,9,37,9,5,32,92,2,1,1,.242,.300,.383,.683
Jazz Chisholm,MIA,3B,27,101,386,46,96,14,4,13,50,22,8,39,107,0,1,4,.249,.323,.407,.730
Brandon Lowe,TB,2B,30,107,385,56,94,19,3,21,58,5,1,33,112,0,2,5,.244,.311,.473,.784
Hunter Renfroe,KC,OF,33,120,385,44,88,18,0,15,52,1,1,36,84,0,1,2,.229,.297,.392,.689
Kyle Isbel,KC,OF,28,136,384,62,88,13,8,8,42,11,2,27,88,8,2,5,.229,.287,.367,.654
Brayan Rocchio,CLE,SS,24,143,383,50,79,18,0,8,36,10,6,44,90,2,5,8,.206,.298,.316,.614
Rowdy Tellez,PIT,1B,29,132,383,38,93,18,0,13,56,1,0,31,89,0,5,2,.243,.299,.392,.691
Blake Perkins,MIL,OF,28,121,383,54,92,13,2,6,43,23,5,42,108,0,6,3,.240,.316,.332,.648
Mitch Haniger,SEA,OF,34,121,380,42,79,12,0,12,44,0,0,40,126,0,1,2,.208,.286,.334,.620
J.T. Realmuto,PHI,C,33,99,380,50,101,18,1,14,47,2,2,27,102,0,1,5,.266,.322,.429,.751
Masataka Yoshida,BOS,DH,31,108,378,45,106,21,0,10,56,2,0,27,52,0,2,14,.280,.349,.415,.764
Korey Lee,CWS,C,26,125,377,36,79,14,1,12,37,6,3,17,122,0,0,0,.210,.244,.347,.591
Seth Brown,OAK,OF,32,124,372,32,86,11,1,14,44,4,2,25,112,0,1,2,.231,.283,.379,.662
Pete Crow-Armstrong,CHC,OF,22,123,372,46,88,13,6,10,47,27,3,21,98,8,3,6,.237,.286,.384,.670
Dylan Moore,SEA,2B,32,135,368,53,74,23,4,10,42,32,6,53,123,1,5,14,.201,.320,.367,.687
Max Kepler,MIN,OF,32,105,368,43,93,21,1,8,42,1,0,22,80,0,3,5,.253,.302,.380,.682
Joc Pederson,ARI,DH,32,132,367,62,101,17,1,23,64,7,4,55,105,1,3,18,.275,.393,.515,.908
Mitch Garver,SEA,C,34,114,367,37,63,17,0,15,51,0,0,53,133,0,3,7,.172,.286,.341,.627
Ke'Bryan Hayes,PIT,3B,28,96,365,38,85,9,0,4,25,11,2,23,75,0,4,4,.233,.283,.290,.573
Nolan Gorman,STL,2B,24,107,365,42,74,15,0,19,50,6,1,34,151,0,2,1,.203,.271,.400,.671
Thairo Estrada,SF,2B,29,96,364,43,79,15,2,9,47,2,2,10,76,0,2,5,.217,.247,.343,.590
Connor Joe,PIT,OF,32,123,364,49,83,22,1,9,36,2,2,44,91,0,2,6,.228,.320,.368,.688
Isaac Paredes,TB,3B,26,101,363,41,89,19,1,16,55,0,1,52,68,0,2,12,.245,.357,.435,.792
Enrique Hernandez,LAD,3B,33,126,362,44,83,16,0,12,42,0,0,27,77,1,3,0,.229,.281,.373,.654
Christopher Morel,CHC,2B,25,103,362,43,72,7,1,18,51,7,5,47,103,0,4,8,.199,.302,.373,.675
Nick Gonzales,PIT,2B,25,94,359,42,97,19,3,7,49,5,3,18,74,1,4,5,.270,.311,.398,.709
Santiago Espinal,CIN,3B,30,118,357,32,88,12,0,9,45,11,1,24,54,4,4,2,.246,.295,.356,.651
Trevor Larnach,MIN,OF,28,112,355,59,92,17,0,15,52,4,1,40,89,0,2,3,.259,.338,.434,.772
Jon Singleton,HOU,1B,33,119,355,46,83,13,1,13,42,0,0,47,111,0,3,0,.234,.321,.386,.707
Byron Buxton,MIN,DH,31,102,355,62,99,27,3,18,56,7,2,20,99,0,2,11,.279,.335,.524,.859
Bo Naylor,CLE,C,25,123,354,39,71,10,2,13,39,6,3,29,122,2,2,2,.201,.264,.350,.614
Austin Wells,NYY,C,25,115,354,42,81,18,1,13,55,1,2,47,87,1,7,5,.229,.322,.395,.717
Josh Lowe,TB,OF,27,106,353,37,85,19,2,10,34,25,1,32,123,0,2,0,.241,.302,.391,.693
Lenyn Sosa,CWS,2B,25,100,351,28,89,13,0,8,35,3,1,12,77,2,1,3,.254,.283,.359,.642
Randy Arozarena,TB,OF,30,100,350,45,74,19,0,15,37,16,7,45,101,0,3,11,.211,.318,.394,.712
Jake Fraley,CIN,OF,29,116,350,44,97,19,2,5,26,20,5,26,70,0,3,3,.277,.330,.386,.716
Lars Nootbaar,STL,OF,27,109,348,39,85,18,3,12,45,7,3,52,79,1,3,1,.244,.342,.417,.759
Will Benson,CIN,OF,26,128,343,41,64,19,2,14,43,16,7,40,154,1,2,2,.187,.274,.376,.650
Spencer Torkelson,DET,1B,25,92,342,45,75,21,1,10,37,0,0,33,105,0,1,4,.219,.295,.374,.669
Jorge Soler,SF,OF,33,93,341,57,82,23,1,12,40,1,0,44,97,0,3,3,.240,.330,.419,.749
Alejandro Kirk,TOR,C,26,103,340,23,86,19,1,5,54,0,0,35,51,0,9,2,.253,.319,.359,.678
Freddy Fermin,KC,C,29,111,339,40,92,14,0,6,36,2,0,23,66,1,3,2,.271,.319,.366,.685
Johan Rojas,PHI,OF,24,120,338,47,82,12,3,3,32,25,4,13,69,8,0,4,.243,.279,.322,.601
Geraldo Perdomo,ARI,SS,25,98,337,61,92,21,2,3,37,9,1,36,58,7,5,3,.273,.344,.374,.718
Abraham Toro,OAK,3B,28,94,337,34,81,17,1,6,26,4,2,20,62,2,0,5,.240,.293,.350,.643
Anthony Rizzo,NYY,1B,35,92,337,38,77,12,0,8,35,0,0,27,65,0,2,9,.228,.301,.335,.636
Paul DeJong,CWS,SS,31,102,337,39,77,14,0,18,41,2,1,14,112,0,3,9,.228,.275,.430,.705
Starling Marte,NYM,OF,36,94,335,46,90,13,3,7,40,16,1,27,81,3,2,3,.269,.327,.388,.715
David Fry,CLE,C,29,122,335,44,88,18,1,14,51,4,1,42,84,0,4,9,.263,.356,.448,.804
Michael Massey,KC,2B,26,100,332,45,86,17,2,14,45,1,0,15,56,2,4,3,.259,.294,.449,.743
Jonny DeLuca,TB,OF,26,107,332,29,72,12,4,6,31,16,6,24,77,2,0,4,.217,.278,.331,.609
LaMonte Wade,SF,1B,31,117,331,45,86,16,0,8,34,2,1,62,90,1,3,4,.260,.380,.381,.761
Tyler Freeman,CLE,OF,25,118,330,48,69,14,1,7,32,11,6,28,53,3,3,19,.209,.305,.321,.626
Will Brennan,CLE,OF,27,114,330,37,87,13,2,8,30,4,2,19,48,0,1,3,.264,.309,.388,.697
Spencer Horwitz,TOR,1B,27,97,328,46,87,19,0,12,40,0,0,42,70,0,4,7,.265,.357,.433,.790
Miguel Amaya,CHC,C,25,117,328,32,76,13,2,8,47,0,0,23,62,5,3,4,.232,.288,.357,.645
Brandon Drury,LAA,2B,32,97,325,28,55,7,0,4,15,1,0,27,81,0,3,5,.169,.242,.228,.470
Jake Cave,COL,OF,32,123,323,42,81,16,5,7,37,5,2,18,98,1,3,1,.251,.290,.396,.686
Mark Canha,DET,1B,36,93,320,42,74,17,0,7,38,4,0,42,79,0,4,11,.231,.337,.350,.687
Carlos Correa,MIN,SS,30,86,319,55,99,20,2,14,54,0,0,40,61,0,4,3,.310,.388,.517,.905
Tyrone Taylor,NYM,OF,31,130,319,47,79,22,3,7,35,11,2,19,80,1,1,5,.248,.299,.401,.700
Jesse Winker,WSH,OF,31,101,315,51,81,18,0,11,45,14,4,53,84,2,2,7,.257,.374,.419,.793
Manuel Margot,MIN,OF,30,129,315,37,75,17,1,4,31,5,0,21,54,1,3,3,.238,.289,.337,.626
Tyler Fitzgerald,SF,SS,27,96,314,53,88,19,2,15,34,17,4,22,108,0,1,4,.280,.334,.497,.831
Bo Bichette,TOR,SS,27,81,311,29,70,16,1,4,31,5,1,20,64,0,2,3,.225,.277,.322,.599
Jake Rogers,DET,C,29,102,310,43,61,16,1,10,36,1,0,22,99,0,2,3,.197,.255,.352,.607
Francisco Alvarez,NYM,C,23,100,308,39,73,14,2,11,47,1,1,30,86,0,2,2,.237,.307,.403,.710
Nick Fortes,MIA,C,28,110,308,28,70,16,0,4,29,0,1,11,41,7,5,4,.227,.259,.318,.577
Miguel Rojas,LAD,SS,36,103,307,41,87,21,0,6,36,8,2,23,34,2,2,3,.283,.337,.410,.747
Travis d'Arnaud,ATL,C,36,99,307,40,73,16,0,15,48,1,0,24,89,0,4,6,.238,.302,.436,.738
Gabriel Moreno,ARI,C,25,97,305,39,81,18,1,5,45,3,1,41,52,0,3,2,.266,.353,.380,.733
Elias Diaz,COL,C,34,84,304,26,82,18,0,5,36,0,0,17,64,0,2,4,.270,.315,.378,.693
Adam Duvall,ATL,OF,36,104,303,29,55,10,0,11,30,0,0,21,99,0,1,5,.182,.245,.323,.568
Jake Bauers,MIL,1B,29,117,302,45,60,9,2,12,43,13,1,39,118,0,0,5,.199,.301,.361,.662
Miguel Andujar,OAK,OF,30,75,302,31,86,14,1,4,30,3,2,13,42,0,1,3,.285,.320,.377,.697
Willson Contreras,STL,C,32,84,301,48,79,17,0,15,36,4,1,45,96,0,0,12,.262,.380,.468,.848
Justin Turner,TOR,1B,40,91,301,37,77,17,0,6,31,0,2,39,60,0,3,6,.256,.350,.372,.722
Gio Urshela,DET,3B,33,92,300,25,73,10,1,5,37,0,0,19,49,0,5,1,.243,.286,.333,.619
Lane Thomas,WSH,OF,29,77,300,42,76,16,3,8,40,28,12,32,72,0,4,5,.253,.331,.407,.738
Ty France,SEA,1B,30,88,300,28,67,14,0,8,31,0,1,28,83,0,1,11,.223,.312,.350,.662
Oswaldo Cabrera,NYY,3B,26,109,299,47,74,11,0,8,36,4,2,21,63,2,3,1,.247,.296,.365,.661
Michael Siani,STL,OF,25,124,298,42,68,7,2,2,20,20,3,21,92,11,1,3,.228,.285,.285,.570
Mike Tauchman,CHC,OF,34,109,298,50,74,12,1,7,29,6,2,47,70,0,1,4,.248,.357,.366,.723
Zach McKinstry,DET,SS,29,118,297,32,64,14,5,4,23,16,0,24,69,0,2,2,.215,.277,.337,.614
TJ Friedl,CIN,OF,29,85,297,35,67,5,1,13,55,9,1,26,52,2,4,12,.226,.310,.380,.690
James Wood,WSH,OF,22,79,295,43,78,13,4,9,41,14,8,39,97,0,0,2,.264,.354,.427,.781
David Hamilton,BOS,2B,27,98,294,47,73,17,1,8,28,33,4,22,80,0,0,1,.248,.303,.395,.698
Christian Vazquez,MIN,C,34,93,294,29,65,10,0,7,27,3,1,11,65,5,4,1,.221,.248,.327,.575
Royce Lewis,MIN,3B,25,82,292,40,68,16,0,16,47,0,0,28,74,0,5,0,.233,.295,.452,.747
Ben Rortvedt,TB,C,27,112,290,27,66,13,0,3,31,1,0,34,88,0,0,4,.228,.317,.303,.620
Kevin Newman,ARI,SS,31,111,288,41,80,17,1,3,28,8,1,15,48,6,2,0,.278,.311,.375,.686
Donovan Solano,SD,2B,37,96,283,31,81,13,0,8,35,2,1,22,65,0,1,3,.286,.343,.417,.760
Luis Rengifo,LAA,2B,28,78,283,41,85,13,1,6,30,24,7,16,44,1,0,4,.300,.347,.417,.764
Joey Meneses,WSH,DH,32,76,281,19,65,11,0,3,42,2,0,21,63,0,6,5,.231,.291,.302,.593
Luis Campusano,SD,C,26,91,277,37,63,13,0,8,40,0,0,20,41,0,1,1,.227,.281,.361,.642
Kyle Tucker,HOU,OF,28,78,277,56,80,13,0,23,49,11,0,56,54,0,2,1,.289,.408,.585,.993
Javier Baez,DET,SS,32,80,272,25,50,12,0,6,37,8,1,12,69,0,3,2,.184,.221,.294,.515
Rob Refsnyder,BOS,OF,33,93,272,32,77,16,1,11,40,2,2,28,78,0,1,5,.283,.359,.471,.830
Ildemaro Vargas,WSH,3B,33,97,272,21,67,16,0,1,30,9,4,19,31,5,5,2,.246,.295,.316,.611
Ramon Urias,BAL,3B,30,100,272,39,69,9,2,11,37,1,1,23,55,0,1,5,.254,.322,.423,.745
Tommy Pham,CWS,OF,36,70,271,33,72,14,1,5,19,6,3,25,63,0,0,1,.266,.330,.380,.710
Jose Iglesias,NYM,2B,35,85,270,39,91,16,1,4,26,6,2,12,39,0,1,8,.337,.381,.448,.829
Christian Yelich,MIL,OF,33,73,270,44,85,12,3,11,42,21,1,40,58,1,1,2,.315,.406,.504,.910
Parker Meadows,DET,OF,25,82,270,39,66,12,6,9,28,9,4,25,76,1,1,1,.244,.310,.433,.743
Michael Taylor,PIT,OF,33,113,269,35,52,9,1,5,21,12,1,23,105,4,4,0,.193,.253,.290,.543
Ezequiel Duran,TEX,3B,25,92,268,26,66,11,0,3,20,1,2,14,63,0,1,2,.246,.288,.321,.609
Edouard Julien,MIN,2B,25,94,266,36,53,9,0,8,21,6,0,33,102,0,0,2,.199,.292,.323,.615
Xavier Edwards,MIA,SS,25,70,265,39,87,12,5,1,26,31,4,33,52,1,4,0,.328,.397,.423,.820
Richie Palacios,TB,2B,27,92,264,46,59,8,1,5,21,19,1,45,67,0,1,5,.223,.346,.318,.664
Amed Rosario,TB,2B,29,76,264,22,81,17,3,2,26,9,4,7,48,0,1,3,.307,.331,.417,.748
Kerry Carpenter,DET,OF,27,87,264,37,75,16,5,18,57,0,2,22,75,0,3,4,.284,.345,.587,.932
Adam Frazier,KC,2B,33,104,262,35,53,10,1,4,22,3,0,22,59,3,0,7,.202,.282,.294,.576
Nick Gordon,MIA,OF,29,95,260,29,59,11,1,8,32,5,5,11,67,0,3,1,.227,.258,.369,.627
Kevin Pillar,LAA,OF,36,83,259,37,61,14,1,7,41,10,3,12,61,0,2,9,.236,.291,.378,.669
Isiah Kiner-Falefa,TOR,SS,29,83,257,32,75,8,2,7,33,3,1,13,37,3,2,6,.292,.338,.420,.758
Nolan Jones,COL,OF,26,79,256,28,58,13,1,3,28,5,4,36,91,1,3,1,.227,.321,.320,.641
Randal Grichuk,ARI,OF,33,106,254,40,74,20,2,12,46,0,0,20,46,0,2,3,.291,.348,.528,.876
Joey Bart,PIT,C,28,80,253,38,67,11,0,13,45,0,0,22,73,0,1,6,.265,.337,.462,.799
Brett Wisely,SF,2B,25,91,252,25,60,13,1,4,31,2,3,13,65,2,3,2,.238,.278,.345,.623
Dominic Smith,BOS,1B,29,84,249,29,59,20,0,6,34,1,1,25,65,0,0,4,.237,.317,.390,.707
Edmundo Sosa,PHI,SS,28,90,249,39,64,12,4,7,31,7,1,13,66,1,2,8,.257,.313,.422,.735
Vidal Brujan,MIA,2B,27,102,248,32,55,14,2,2,16,5,6,25,54,1,0,4,.222,.303,.319,.622
Jack Suwinski,PIT,OF,26,88,247,29,45,8,0,9,26,9,1,27,79,1,1,1,.182,.264,.324,.588
Kyle Higashioka,SD,C,34,84,246,29,54,10,1,17,45,2,0,15,74,1,1,0,.220,.263,.476,.739
Tyler Nevin,OAK,3B,27,87,245,22,50,10,0,7,20,1,0,25,64,0,3,5,.204,.288,.331,.619
Victor Caratini,HOU,C,31,87,245,30,66,8,1,8,30,0,1,23,53,0,3,3,.269,.336,.408,.744
Gary Sanchez,MIL,C,32,89,245,30,54,7,1,11,37,0,0,27,76,0,3,5,.220,.307,.392,.699
Jacob Stallings,COL,C,35,82,243,31,64,17,1,9,36,0,0,27,65,1,1,9,.263,.357,.453,.810
Chas McCormick,HOU,OF,29,94,242,32,51,6,1,5,27,8,2,17,72,1,3,4,.211,.271,.306,.577
Max Muncy,LAD,3B,34,73,237,47,55,17,0,15,48,1,0,45,77,0,6,5,.232,.358,.494,.852
David Peralta,SD,OF,37,91,236,35,63,11,0,8,28,2,0,22,54,0,0,2,.267,.335,.415,.750
Tim Anderson,MIA,SS,31,65,234,16,50,3,0,0,9,4,4,7,68,0,0,0,.214,.237,.226,.463
Sean Murphy,ATL,C,30,72,233,19,45,5,1,10,25,0,0,27,67,0,1,3,.193,.284,.352,.636
Austin Martin,MIN,OF,25,93,233,41,59,18,1,1,16,7,3,20,47,2,0,2,.253,.318,.352,.670
Jonah Bride,MIA,1B,29,71,232,30,64,10,0,11,39,0,1,30,55,0,7,3,.276,.357,.461,.818
Noelvi Marte,CIN,3B,23,66,229,24,48,9,0,4,18,9,3,9,75,0,1,3,.210,.248,.301,.549
Ivan Herrera,STL,C,24,72,229,37,69,12,1,5,27,5,0,25,53,0,2,2,.301,.372,.428,.800
Willie Calhoun,LAA,OF,30,68,229,26,56,16,0,5,20,0,1,23,31,0,1,1,.245,.315,.380,.695
Victor Robles,SEA,OF,27,77,229,41,75,20,0,4,26,30,1,16,44,5,2,10,.328,.393,.467,.860
Eloy Jimenez,CWS,DH,28,65,229,18,55,9,0,5,16,3,0,18,47,0,1,1,.240,.297,.345,.642
Juan Yepez,WSH,1B,27,62,226,32,64,15,0,6,26,2,1,18,42,1,3,1,.283,.335,.429,.764
Elehuris Montero,COL,3B,26,67,224,23,46,10,0,4,28,0,0,20,56,0,3,0,.205,.267,.304,.571
Andy Ibanez,DET,2B,31,99,224,30,54,9,1,5,32,2,3,15,63,0,2,3,.241,.295,.357,.652
Joey Gallo,WSH,OF,31,76,223,24,36,9,0,10,27,3,1,32,102,0,1,4,.161,.277,.336,.613
Dominic Fletcher,CWS,OF,27,72,223,14,46,8,0,1,17,0,0,11,58,2,1,3,.206,.252,.256,.508
Matt Wallner,MIN,OF,27,75,220,26,57,17,1,13,37,3,0,24,95,0,1,16,.259,.372,.523,.895
Eddie Rosario,WSH,OF,33,67,219,26,40,11,0,7,26,8,1,13,54,1,2,0,.183,.226,.329,.555
Taylor Walls,TB,SS,28,84,218,27,40,5,3,1,14,16,4,31,67,0,3,0,.183,.282,.248,.530
Ramon Laureano,ATL,OF,30,67,216,28,64,13,1,10,29,5,2,8,64,0,0,2,.296,.327,.505,.832
Kyle Farmer,MIN,SS,34,107,215,26,46,13,1,5,25,3,5,19,49,0,2,6,.214,.293,.353,.646
Yasmani Grandal,PIT,C,36,72,215,26,49,10,0,9,27,1,0,24,46,3,1,0,.228,.304,.400,.704
Wilmer Flores,SF,1B,33,71,214,19,44,12,0,4,26,0,0,20,33,0,5,3,.206,.277,.318,.595
James McCann,BAL,C,34,66,214,27,50,9,0,8,31,1,0,13,56,0,4,2,.234,.279,.388,.667
Chris Taylor,LAD,2B,34,87,213,28,43,7,1,4,23,5,1,28,76,1,2,2,.202,.298,.300,.598
Garrett Hampson,KC,SS,30,113,213,16,49,13,1,0,16,7,2,14,59,2,2,0,.230,.275,.300,.575
Triston Casas,BOS,1B,25,63,212,28,51,8,0,13,32,0,1,30,77,0,0,1,.241,.337,.462,.799
Hunter Goodman,COL,C,25,70,211,24,40,9,0,13,36,1,1,8,64,0,2,3,.190,.228,.417,.645
Jose Trevino,NYY,C,32,74,209,26,45,5,0,8,28,1,0,20,41,1,2,2,.215,.288,.354,.642
Stuart Fairchild,CIN,OF,28,94,209,33,45,8,0,8,30,13,1,17,60,2,1,4,.215,.286,.368,.654
Isiah Kiner-Falefa,PIT,SS,29,50,208,21,50,10,2,1,10,8,1,3,41,0,0,4,.240,.265,.322,.587
Addison Barger,TOR,3B,25,69,208,20,41,11,0,7,28,2,0,14,60,0,1,1,.197,.250,.351,.601
Anthony Rendon,LAA,3B,34,57,206,21,45,10,0,0,14,6,1,23,35,0,4,5,.218,.307,.267,.574
Nick Senzel,WSH,OF,29,64,206,25,43,10,0,7,18,1,3,27,53,0,0,1,.209,.303,.359,.662
Nelson Velazquez,KC,DH,26,64,205,31,41,8,1,8,27,2,0,19,61,0,3,3,.200,.274,.366,.640
Justyn-Henry Malloy,DET,OF,25,71,202,18,41,7,1,8,21,1,1,23,85,0,2,3,.203,.291,.366,.657
Pedro Pages,STL,C,26,68,202,19,48,3,2,7,27,2,0,13,58,1,2,0,.238,.281,.376,.657
Enmanuel Valdez,BOS,2B,26,76,201,23,43,12,0,6,28,1,1,17,53,1,4,0,.214,.270,.363,.633
Emmanuel Rivera,MIA,3B,28,97,201,15,43,6,1,1,15,2,0,20,51,1,3,4,.214,.294,.269,.563
DJ LeMahieu,NYY,3B,36,67,201,19,41,5,0,2,26,0,1,19,35,1,6,1,.204,.269,.259,.528
Kevin Kiermaier,TOR,OF,34,82,200,24,39,7,2,4,18,5,0,10,66,5,1,1,.195,.236,.310,.546
Randy Arozarena,SEA,OF,30,54,199,32,46,14,0,5,23,4,3,28,68,0,1,11,.231,.356,.377,.733
Romy Gonzalez,BOS,2B,28,89,199,25,53,10,1,6,29,11,3,12,58,0,4,1,.266,.306,.417,.723
Danny Jansen,TOR,C,29,62,198,27,42,13,0,6,18,0,0,25,42,0,3,2,.212,.303,.369,.672
Garrett Mitchell,MIL,OF,26,69,196,33,50,12,3,8,21,11,4,25,71,2,0,1,.255,.342,.469,.811
Daniel Schneemann,CLE,SS,28,73,193,17,42,10,2,5,22,3,2,25,70,0,3,0,.218,.303,.368,.671
Ronald Acuna,ATL,OF,27,49,192,38,48,8,1,4,15,16,3,27,53,0,0,3,.250,.351,.365,.716
Jorge Mateo,BAL,2B,29,68,192,30,44,14,2,5,18,13,2,10,48,2,3,1,.229,.267,.401,.668
Travis Jankowski,TEX,OF,33,104,190,19,38,5,0,1,12,11,1,12,44,0,0,5,.200,.266,.242,.508
Trey Lipscomb,WSH,3B,24,61,190,20,38,3,0,1,10,11,2,16,40,1,1,2,.200,.268,.232,.500
Jackson Holliday,BAL,2B,21,60,190,28,36,4,2,5,23,4,0,15,69,0,1,2,.189,.255,.311,.566
Tyler Soderstrom,OAK,1B,23,61,189,18,44,10,0,9,26,0,0,20,53,0,1,3,.233,.315,.429,.744
Carson Kelly,DET,C,30,60,179,21,43,4,1,7,29,0,0,17,40,0,1,6,.240,.325,.391,.716
Trent Grisham,NYY,OF,28,76,179,21,34,8,0,9,31,1,1,22,57,1,2,4,.190,.290,.385,.675
Isaac Paredes,CHC,3B,26,52,179,23,40,6,0,3,25,1,0,24,37,0,4,5,.223,.325,.307,.632
Ty France,CIN,1B,30,52,179,18,45,10,0,5,20,1,0,10,31,0,4,2,.251,.292,.391,.683
Leo Jimenez,TOR,SS,23,63,179,18,41,11,0,4,19,0,0,12,59,0,3,16,.229,.329,.358,.687
Jhonkensy Noel,CLE,OF,23,67,179,25,39,7,1,13,28,0,0,13,63,0,1,5,.218,.288,.486,.774
Josh Jung,TEX,3B,27,46,178,19,47,5,1,7,16,4,0,8,48,0,1,1,.264,.298,.421,.719
Jazz Chisholm,NYY,3B,27,46,176,28,48,7,0,11,23,18,2,14,45,0,1,0,.273,.325,.500,.825
Edward Olivares,PIT,OF,28,55,174,22,39,4,0,5,23,1,0,16,37,0,4,2,.224,.291,.333,.624
Christopher Morel,TB,2B,25,49,173,13,33,4,2,3,9,1,2,14,56,0,1,2,.191,.258,.289,.547
Corey Julks,CWS,OF,29,66,173,17,37,7,0,3,14,5,2,15,50,0,1,0,.214,.275,.306,.581
Jason Heyward,LAD,OF,35,63,173,25,36,10,2,6,28,4,0,17,36,0,3,4,.208,.289,.393,.682
Brooks Lee,MIN,SS,24,50,172,9,38,6,1,3,27,3,0,11,27,0,2,0,.221,.265,.320,.585
Lane Thomas,CLE,OF,29,53,172,23,36,10,0,7,23,4,2,12,65,0,1,2,.209,.267,.390,.657
Daz Cameron,OAK,OF,28,66,170,22,34,5,1,5,15,5,0,13,51,0,2,1,.200,.258,.329,.587
Jordan Beck,COL,OF,23,55,170,14,32,6,0,3,13,7,1,12,65,0,1,1,.188,.245,.276,.521
Dominic Canzone,SEA,OF,27,67,168,20,33,7,0,8,17,1,0,18,53,0,2,0,.196,.271,.381,.652
Blaze Alexander,ARI,SS,25,61,166,19,41,7,0,3,21,3,1,15,49,1,0,3,.247,.321,.343,.664
Junior Caminero,TB,3B,21,43,165,15,41,9,1,6,18,2,0,11,38,0,0,1,.248,.299,.424,.723
Jordan Walker,STL,OF,22,51,164,16,33,10,1,5,20,1,0,10,50,0,2,2,.201,.253,.366,.619
Garrett Stubbs,PHI,C,31,56,164,18,34,4,1,1,11,5,0,17,50,0,1,4,.207,.296,.262,.558
Harold Ramirez,TB,DH,30,48,164,21,44,3,0,1,13,5,2,3,33,0,1,1,.268,.284,.305,.589
Bryan De La Cruz,PIT,OF,28,44,160,17,32,6,0,3,17,2,1,4,52,0,3,1,.200,.220,.294,.514
Justin Turner,SEA,1B,40,48,159,22,42,7,0,5,24,0,0,20,35,0,4,7,.264,.363,.403,.766
Alex Kirilloff,MIN,OF,27,57,159,20,32,8,3,5,20,0,0,15,47,0,3,1,.201,.270,.384,.654
DJ Stewart,NYM,OF,31,74,158,16,28,4,0,5,19,1,0,31,48,0,1,4,.177,.325,.297,.622
Patrick Wisdom,CHC,3B,33,75,158,16,27,7,2,8,23,5,0,10,59,1,1,4,.171,.237,.392,.629
Matt Thaiss,LAA,C,29,57,157,14,32,9,0,2,16,3,0,28,58,0,1,0,.204,.323,.299,.622
Austin Hays,BAL,OF,29,63,157,18,40,13,0,3,14,0,1,9,40,1,2,6,.255,.316,.395,.711
Jose Tena,WSH,3B,23,41,157,14,43,5,0,3,15,6,1,7,39,0,0,0,.274,.305,.363,.668
Kyle Stowers,MIA,OF,27,50,156,12,29,7,2,2,15,0,0,13,61,0,0,3,.186,.262,.295,.557
Whit Merrifield,PHI,2B,36,53,156,21,31,4,1,3,11,11,1,15,19,1,0,2,.199,.277,.295,.572
Nick Ahmed,SF,SS,34,52,155,13,36,6,1,1,15,1,1,10,35,3,3,1,.232,.278,.303,.581
Brett Baty,NYM,3B,25,50,153,15,35,3,0,4,16,0,0,16,42,1,0,1,.229,.306,.327,.633
Gabriel Arias,CLE,SS,25,53,153,15,34,9,1,3,15,5,2,6,53,0,1,1,.222,.255,.353,.608
Jorge Soler,ATL,OF,33,49,152,27,37,11,0,9,24,0,0,24,44,0,1,3,.243,.356,.493,.849
Ben Rice,NYY,1B,26,50,152,20,26,6,0,7,23,0,1,20,48,0,5,1,.171,.264,.349,.613
Angel Martinez,CLE,OF,23,43,151,16,35,7,0,3,11,3,1,15,33,1,2,0,.232,.298,.338,.636
Luis Matos,SF,OF,23,45,150,14,32,5,0,5,25,0,0,5,24,0,1,0,.213,.237,.347,.584
Nick Loftin,KC,1B,26,57,148,15,28,4,0,1,14,1,0,19,24,1,2,1,.189,.282,.236,.518
Connor Norby,MIA,3B,24,36,146,29,36,8,0,7,17,3,3,15,52,0,1,0,.247,.315,.445,.760
Nick Martini,CIN,OF,34,52,146,23,31,4,2,5,24,1,3,9,38,0,3,4,.212,.272,.370,.642
Kyle Manzardo,CLE,DH,24,53,145,11,34,12,0,5,15,0,0,9,41,0,1,1,.234,.282,.421,.703
Jung Hoo Lee,SF,OF,26,37,145,15,38,4,0,2,8,2,3,10,13,0,2,1,.262,.310,.331,.641
Victor Scott,STL,OF,24,53,145,14,26,9,0,2,10,5,1,6,42,0,2,2,.179,.219,.283,.502
Evan Carter,TEX,OF,22,45,144,23,27,6,2,5,15,2,0,15,43,0,1,2,.188,.272,.361,.633
Kyle McCann,OAK,C,27,54,140,13,33,4,0,5,15,0,0,16,59,0,0,1,.236,.318,.371,.689
Josh Bell,ARI,1B,32,41,140,24,39,5,1,5,22,0,1,17,32,0,0,1,.279,.361,.436,.797
Austin Barnes,LAD,C,35,54,140,12,37,3,0,1,11,3,0,14,36,2,0,0,.264,.331,.307,.638
Alex Jackson,TB,C,29,58,139,17,17,7,0,3,12,1,0,12,53,1,1,2,.122,.201,.237,.438
Reese McGuire,BOS,C,30,53,139,10,29,3,0,3,18,3,0,13,39,1,3,2,.209,.280,.295,.575
Tommy Edman,LAD,OF,29,37,139,20,33,5,1,6,20,6,0,11,30,0,2,1,.237,.294,.417,.711
Sam Hilliard,COL,OF,31,58,138,26,33,5,1,10,27,5,2,14,56,4,2,0,.239,.305,.507,.812
Tyler Wade,SD,3B,30,90,138,28,30,3,0,0,8,8,1,11,29,4,0,2,.217,.285,.239,.524
Whit Merrifield,ATL,2B,36,42,137,23,34,5,2,1,4,6,2,20,33,3,0,1,.248,.348,.336,.684
Luis Arraez,MIA,1B,27,33,137,22,41,8,1,0,5,0,0,8,11,1,0,2,.299,.347,.372,.719
Matt Carpenter,STL,DH,39,59,137,15,32,7,0,4,15,0,2,15,51,0,2,2,.234,.314,.372,.686
Pavin Smith,ARI,OF,29,60,137,26,37,11,0,9,36,1,0,18,31,0,3,0,.270,.348,.547,.895
Joey Loperfido,TOR,OF,25,43,137,13,27,8,3,2,9,2,1,6,52,0,0,1,.197,.236,.343,.579
James Outman,LAD,OF,27,53,136,12,20,4,0,4,11,2,1,16,55,0,0,4,.147,.256,.265,.521
Miguel Vargas,CWS,3B,25,42,135,11,14,3,0,2,7,2,1,17,41,0,2,3,.104,.217,.170,.387
Martin Maldonado,CWS,C,38,48,135,9,16,3,0,4,11,0,0,8,51,3,0,1,.119,.174,.230,.404
Luke Maile,CIN,C,34,55,135,8,24,4,0,2,8,2,0,13,52,1,1,4,.178,.268,.252,.520
Kris Bryant,COL,DH,33,37,133,9,29,5,0,2,15,0,0,13,48,0,1,8,.218,.323,.301,.624
Austin Hedges,CLE,C,32,66,132,12,20,3,0,2,15,2,0,6,50,3,2,3,.152,.203,.220,.423
Gio Urshela,ATL,3B,33,36,132,9,35,9,0,4,15,0,0,4,23,0,0,0,.265,.287,.424,.711
Danny Mendick,CWS,SS,31,47,132,13,26,7,0,3,8,6,0,6,35,1,0,2,.197,.243,.318,.561
Jonathan Aranda,TB,1B,26,44,128,22,30,7,0,6,14,0,0,12,32,0,1,2,.234,.308,.430,.738
Andruw Monasterio,MIL,2B,27,59,125,14,26,5,0,1,16,6,2,16,40,0,0,1,.208,.303,.272,.575
Grant McCray,SF,OF,24,37,124,13,25,3,2,5,10,5,0,6,56,0,0,0,.202,.238,.379,.617
J.D. Davis,OAK,3B,31,39,123,12,29,4,0,4,5,0,0,9,30,0,0,3,.236,.304,.366,.670
Curtis Mead,TB,2B,24,38,122,10,29,3,0,1,7,2,0,6,30,0,1,2,.238,.282,.287,.569
Dylan Carlson,STL,OF,26,59,121,12,24,5,0,0,11,0,1,12,37,0,3,2,.198,.275,.240,.515
Andres Chaparro,WSH,DH,25,33,121,12,26,12,0,4,15,1,1,7,24,0,0,4,.215,.280,.413,.693
Darell Hernaiz,OAK,3B,23,48,120,8,23,3,0,1,12,1,1,11,27,1,2,1,.192,.261,.242,.503
Dairon Blanco,KC,OF,31,88,120,37,31,4,0,4,13,31,7,8,32,1,1,1,.258,.308,.392,.700
Dylan Crews,WSH,OF,23,31,119,12,26,5,1,3,8,12,3,11,26,0,1,1,.218,.288,.353,.641
Luis Torrens,NYM,C,28,48,118,14,27,8,0,3,15,0,1,9,28,0,1,2,.229,.292,.373,.665
Riley Adams,WSH,C,28,41,116,10,26,5,1,2,8,1,0,10,35,0,2,2,.224,.292,.336,.628
Christian Encarnacion-Strand,CIN,1B,25,29,116,13,22,6,0,2,16,0,0,4,35,0,2,1,.190,.220,.293,.513
Jesse Winker,NYM,OF,31,44,115,12,28,5,0,3,13,0,0,10,22,0,1,3,.243,.318,.365,.683
Dylan Carlson,TB,OF,26,37,114,7,25,2,0,3,14,2,0,10,38,0,0,3,.219,.299,.316,.615
Kody Clemens,PHI,3B,28,44,114,17,25,9,1,5,18,0,0,5,29,0,0,1,.219,.258,.447,.705
Brooks Baldwin,CWS,2B,24,33,114,9,24,6,0,2,8,4,0,6,31,1,0,0,.211,.250,.316,.566
Jerar Encarnacion,SF,OF,27,35,113,13,28,5,0,5,19,1,0,5,34,0,1,0,.248,.277,.425,.702
Jose Abreu,HOU,1B,38,35,113,10,14,2,0,2,7,0,0,4,28,0,1,2,.124,.167,.195,.362
Cavan Biggio,TOR,2B,29,44,110,15,22,4,0,2,9,2,0,14,42,0,0,6,.200,.323,.291,.614
Michael Stefanic,LAA,2B,29,40,110,8,24,4,0,0,8,0,0,10,20,1,0,3,.218,.301,.255,.556
Trey Sweeney,DET,SS,24,36,110,11,24,5,0,4,17,2,0,7,32,0,1,1,.218,.269,.373,.642
Mike Trout,LAA,OF,33,29,109,17,24,1,2,10,14,6,1,16,27,0,0,1,.220,.325,.541,.866
Curt Casali,SF,C,36,41,108,12,21,3,0,1,8,0,0,13,22,2,0,2,.194,.293,.250,.543
Paul DeJong,KC,SS,31,37,108,15,24,3,0,6,15,0,1,9,44,0,2,0,.222,.277,.417,.694
Derek Hill,MIA,OF,29,32,107,11,25,4,1,4,18,4,1,2,39,2,1,2,.234,.259,.402,.661
Casey Schmitt,SF,2B,26,40,107,11,27,4,1,6,16,0,0,4,25,0,1,1,.252,.283,.477,.760
Joey Loperfido,HOU,OF,25,38,106,11,25,5,1,2,16,2,1,7,43,1,1,3,.236,.299,.358,.657
Robbie Grossman,TEX,OF,35,46,105,13,25,4,0,3,10,1,0,16,25,0,1,0,.238,.336,.362,.698
Vaughn Grissom,BOS,2B,24,31,105,10,20,3,0,0,6,2,0,7,24,0,1,1,.190,.246,.219,.465
Cristian Pache,PHI,OF,26,50,104,9,21,5,1,0,9,0,0,13,43,0,1,0,.202,.288,.269,.557
Luis Guillorme,LAA,2B,30,51,104,6,24,5,1,0,3,1,2,11,23,1,1,0,.231,.302,.298,.600
Henry Davis,PIT,C,25,37,104,9,15,4,0,1,5,0,0,13,45,1,2,1,.144,.242,.212,.454
Brett Harris,OAK,3B,26,36,103,15,15,3,0,3,12,0,3,17,25,0,1,2,.146,.276,.262,.538
Carson Kelly,TEX,C,30,31,102,11,24,5,0,2,8,0,0,8,15,0,0,0,.235,.291,.343,.634
Tommy Pham,KC,OF,36,23,101,9,23,3,1,2,8,1,0,3,27,0,0,0,.228,.250,.337,.587
Bryan Ramos,CWS,3B,22,32,99,13,20,4,0,3,11,0,2,7,22,0,1,0,.202,.252,.333,.585
Alex Call,WSH,OF,30,30,99,15,34,9,0,3,14,5,1,12,19,0,0,2,.343,.425,.525,.950
Heston Kjerstad,BAL,OF,26,39,99,8,25,2,0,4,14,1,0,10,33,0,0,5,.253,.351,.394,.745
Miles Mastrobuoni,CHC,3B,29,50,98,9,19,3,0,0,4,2,0,7,17,0,1,0,.194,.245,.224,.469
Estevan Florial,CLE,OF,27,36,98,11,17,6,2,3,11,2,1,11,41,1,0,1,.173,.264,.367,.631
Nick Allen,OAK,SS,26,41,97,6,17,4,0,1,4,0,0,5,20,3,0,0,.175,.216,.247,.463
Jose Herrera,ARI,C,28,42,97,11,22,4,1,1,13,0,0,9,27,7,1,0,.227,.290,.320,.610
Ryan Noda,OAK,1B,28,36,95,8,13,4,0,1,4,0,0,14,37,1,0,1,.137,.255,.211,.466
Alek Thomas,ARI,OF,24,39,95,13,18,5,1,3,17,4,1,7,17,1,0,0,.189,.245,.358,.603
Eloy Jimenez,BAL,DH,28,33,95,7,22,5,0,1,7,0,0,4,23,0,0,1,.232,.270,.316,.586
Dane Myers,MIA,OF,28,44,95,17,25,6,1,3,19,4,1,8,36,0,2,3,.263,.333,.442,.775
Oliver Dunn,MIL,2B,27,41,95,11,21,2,2,1,7,3,0,6,40,1,0,2,.221,.282,.316,.598
Trevor Story,BOS,SS,32,26,94,8,24,7,0,2,10,6,3,11,33,0,0,1,.255,.340,.394,.734
Aaron Schunk,COL,3B,27,39,94,14,22,3,0,2,7,0,1,4,31,0,0,0,.234,.265,.330,.595
Luis Urias,SEA,3B,27,41,94,11,18,7,0,4,16,0,0,9,34,0,0,6,.191,.303,.394,.697
Niko Kavadas,LAA,DH,26,30,93,11,17,2,0,4,8,1,0,11,41,0,0,2,.183,.283,.333,.616
Jacob Wilson,OAK,SS,22,28,92,11,23,2,2,0,3,0,0,8,10,1,1,1,.250,.314,.315,.629
Sean Bouchard,COL,OF,28,31,91,14,17,7,0,1,8,4,0,12,33,1,2,2,.187,.290,.297,.587
Yan Gomes,CHC,C,37,34,91,7,14,2,0,2,7,0,0,2,36,1,1,1,.154,.179,.242,.421
Austin Slater,SF,OF,32,43,90,12,18,1,0,1,9,2,1,16,31,0,3,3,.200,.330,.244,.574
Andrew Knizner,TEX,C,30,37,90,5,15,1,0,1,9,0,0,1,22,0,1,1,.167,.183,.211,.394
Weston Wilson,PHI,OF,30,41,88,13,25,7,1,3,10,3,0,8,29,0,1,1,.284,.347,.489,.836
Alika Williams,PIT,SS,25,37,87,13,18,4,2,0,5,1,0,3,22,5,0,1,.207,.242,.299,.541
Nick Madrigal,CHC,2B,28,51,86,5,19,3,0,0,10,1,0,4,10,1,0,3,.221,.280,.256,.536
Trey Cabbage,HOU,OF,27,45,86,12,18,8,0,1,8,1,1,4,34,0,0,1,.209,.253,.337,.590
Ali Sanchez,MIA,C,28,31,84,5,14,2,0,0,4,2,1,4,24,6,1,1,.167,.211,.190,.401
Dillon Dingler,DET,C,26,27,84,2,14,5,2,1,11,0,0,3,30,0,0,0,.167,.195,.310,.505
Miguel Sano,LAA,1B,31,28,83,9,17,3,0,2,6,0,0,9,36,0,1,2,.205,.295,.313,.608
Bobby Dalbec,BOS,1B,29,37,83,6,11,2,0,1,8,3,0,8,43,1,0,1,.133,.217,.193,.410
Tomas Nido,NYM,C,30,32,83,9,19,2,0,3,8,0,0,4,20,2,1,0,.229,.261,.361,.622
Griffin Conine,MIA,OF,27,30,82,14,22,4,1,3,12,0,0,6,28,0,0,1,.268,.326,.451,.777
Christian Bethancourt,MIA,C,33,38,82,9,13,3,0,2,7,0,0,3,22,2,0,1,.159,.198,.268,.466
Will Wagner,TOR,2B,26,24,82,8,25,6,0,2,11,0,0,4,16,0,0,0,.305,.337,.451,.788
Tucker Barnhart,ARI,C,34,31,81,13,14,3,0,0,6,1,0,13,31,2,0,0,.173,.287,.210,.497
Danny Jansen,BOS,C,29,30,80,8,15,0,0,3,6,0,0,15,19,0,0,1,.188,.323,.300,.623
Adrian Del Castillo,ARI,C,25,25,80,12,25,5,0,4,19,1,1,7,28,0,0,0,.313,.368,.525,.893
Jace Jung,DET,3B,24,34,79,14,19,5,0,0,3,0,1,15,29,0,0,0,.241,.362,.304,.666
Austin Hays,PHI,OF,29,22,78,8,20,5,0,2,6,2,1,0,19,0,0,2,.256,.275,.397,.672
Eddie Rosario,ATL,OF,33,24,78,7,12,1,0,3,9,1,0,3,23,1,2,0,.154,.181,.282,.463
Nick Sogard,BOS,SS,27,31,77,13,21,4,0,0,8,3,0,7,25,0,2,0,.273,.326,.325,.651
Nathan Lukes,TOR,OF,30,22,76,13,23,4,2,1,10,1,0,10,9,2,3,0,.303,.371,.447,.818
Marco Luciano,SF,SS,23,27,76,10,16,5,1,0,3,0,1,5,28,0,0,0,.211,.259,.303,.562
Ji Hwan Bae,PIT,OF,25,29,74,11,14,2,0,0,6,6,2,6,24,0,1,0,.189,.247,.216,.463
Harold Ramirez,WSH,DH,30,25,74,7,18,4,1,1,16,1,0,2,17,0,0,1,.243,.273,.365,.638
Jose Azocar,SD,OF,28,61,73,13,16,2,0,0,2,5,1,5,19,1,0,0,.219,.269,.247,.516
Akil Baddoo,DET,OF,26,31,73,7,10,2,2,2,5,1,0,8,27,0,1,0,.137,.220,.301,.521
Mark Canha,SF,1B,36,32,73,4,21,3,0,0,4,3,0,9,17,0,1,2,.288,.376,.329,.705
Cavan Biggio,LAD,2B,29,30,73,11,14,1,0,3,10,0,0,10,28,2,0,2,.192,.306,.329,.635
Leo Rivas,SEA,2B,27,43,73,10,17,1,1,0,8,3,0,10,24,2,0,1,.233,.333,.274,.607
Eric Wagaman,LAA,3B,27,18,72,6,18,5,0,2,10,0,0,2,17,0,0,0,.250,.270,.403,.673
Miguel Vargas,LAD,3B,25,30,71,11,17,4,0,3,9,1,0,8,16,0,1,0,.239,.313,.423,.736
Brandon Crawford,STL,SS,38,29,71,5,12,5,0,1,4,0,0,8,26,0,0,1,.169,.263,.282,.545
Robbie Grossman,CWS,OF,35,25,71,6,15,4,0,0,4,2,0,13,20,0,1,0,.211,.329,.268,.597
Jose Fermin,STL,2B,25,45,71,7,11,1,1,0,4,2,1,7,11,0,0,1,.155,.241,.197,.438
Daniel Vogelbach,TOR,DH,32,31,70,5,13,5,0,1,8,0,0,9,17,0,0,0,.186,.278,.300,.578
Chuckie Robinson,CWS,C,30,26,70,2,9,0,0,0,0,0,0,5,20,0,0,1,.129,.197,.129,.326
Garrett Cooper,BOS,1B,34,24,70,3,12,4,0,0,5,0,0,3,22,0,0,2,.171,.227,.229,.456
Ramon Laureano,CLE,OF,30,31,70,7,10,3,0,1,4,3,1,7,32,0,1,5,.143,.265,.229,.494
Austin Slater,BAL,OF,32,33,69,10,17,3,0,1,6,1,1,8,23,0,0,2,.246,.342,.333,.675
Tommy Pham,STL,OF,36,23,68,7,14,3,1,2,12,0,0,7,16,0,1,1,.206,.286,.368,.654
Joshua Palacios,PIT,OF,29,23,67,10,15,2,0,2,9,1,0,10,12,0,0,1,.224,.333,.343,.676
Bligh Madris,DET,OF,29,21,67,8,18,3,0,1,5,0,0,6,20,0,1,0,.269,.324,.358,.682
Jacob Amaya,CWS,SS,26,23,67,4,12,1,0,0,3,1,0,4,28,0,0,0,.179,.225,.194,.419
Zach DeLoach,CWS,OF,26,22,67,10,14,5,0,1,5,0,1,8,21,0,0,0,.209,.293,.328,.621
Jack Lopez,LAA,2B,32,27,67,4,17,3,0,1,6,0,1,2,25,1,0,1,.254,.286,.343,.629
Eric Haase,MIL,C,32,30,66,10,18,1,0,5,14,0,0,3,28,0,0,0,.273,.304,.515,.819
Jon Berti,NYY,3B,35,25,66,10,18,0,0,1,6,5,1,6,14,1,0,1,.273,.342,.318,.660
Omar Narvaez,NYM,C,33,28,65,4,10,2,0,0,5,0,0,3,12,1,0,0,.154,.191,.185,.376
Emmanuel Rivera,BAL,3B,28,27,64,9,20,3,1,4,14,0,0,6,18,0,2,1,.313,.370,.578,.948
Braden Shewmake,CWS,SS,27,29,64,4,8,2,0,1,4,5,1,1,10,0,2,0,.125,.134,.203,.337
Alan Trejo,COL,SS,28,28,63,4,9,0,0,0,1,0,0,2,15,1,0,1,.143,.182,.143,.325
Bryce Johnson,SD,OF,29,47,63,9,13,2,0,0,4,1,1,7,12,3,0,0,.206,.286,.238,.524
Brian Serven,TOR,C,29,28,63,6,10,4,0,0,3,0,0,5,22,1,0,2,.159,.243,.222,.465
Ryan Bliss,SEA,2B,25,33,63,10,14,3,1,2,9,5,3,5,22,2,0,1,.222,.290,.397,.687
Zach Dezenzo,HOU,1B,24,19,62,5,15,2,0,2,8,0,0,3,22,0,0,0,.242,.277,.371,.648
Nasim Nunez,WSH,SS,24,51,61,14,15,1,0,0,1,8,2,12,15,5,0,0,.246,.370,.262,.632
Mike Ford,CIN,DH,32,17,60,2,9,0,1,1,4,0,0,2,15,0,0,0,.150,.177,.233,.410
Pablo Reyes,BOS,SS,31,21,60,4,11,2,0,0,5,1,2,3,19,0,0,1,.183,.234,.217,.451
Cristian Pache,MIA,OF,26,35,60,4,11,3,0,1,7,1,0,4,21,0,0,0,.183,.234,.283,.517
Kevin Kiermaier,LAD,OF,34,34,59,7,12,2,1,1,8,1,2,2,20,2,0,1,.203,.242,.322,.564
Ryan Kreidler,DET,SS,27,35,59,9,7,0,0,1,2,5,3,6,19,0,0,0,.119,.200,.169,.369
David Dahl,PHI,OF,30,19,58,6,12,2,0,3,8,0,0,3,21,0,1,0,.207,.242,.397,.639
Ben Gamel,HOU,OF,32,20,58,13,15,3,0,1,4,0,0,11,17,0,0,0,.259,.377,.362,.739
Christian Bethancourt,CHC,C,33,24,57,9,16,4,0,3,15,3,0,2,14,0,0,0,.281,.305,.509,.814
Aaron Hicks,LAA,OF,35,18,57,6,8,0,0,1,5,0,0,6,23,0,0,0,.140,.222,.193,.415
Amed Rosario,CIN,2B,29,22,57,6,9,0,0,1,4,3,0,1,23,0,0,1,.158,.186,.211,.397
Drew Millas,WSH,C,27,20,57,7,14,1,0,1,1,4,0,5,16,0,0,0,.246,.306,.316,.622
Jasson Dominguez,NYY,OF,22,18,56,8,10,1,0,2,4,5,0,11,19,0,0,0,.179,.313,.304,.617
Esteury Ruiz,OAK,OF,26,29,55,10,11,2,1,2,8,5,4,4,20,2,2,2,.200,.270,.382,.652
Jason Heyward,HOU,OF,35,24,55,8,12,2,0,4,9,1,0,5,17,0,0,0,.218,.283,.473,.756
Jacob Hurtubise,CIN,OF,27,29,54,7,10,1,1,0,4,2,0,6,18,4,1,3,.185,.297,.241,.538
Zack Short,ATL,2B,29,30,54,9,8,3,0,0,5,2,0,12,16,2,0,1,.148,.313,.204,.517
Yuli Gurriel,KC,1B,40,18,54,7,13,3,0,0,6,1,0,9,15,0,2,0,.241,.338,.296,.634
Jared Walsh,TEX,1B,31,17,53,9,12,2,0,1,7,0,0,7,21,0,0,0,.226,.317,.321,.638
Eguy Rosario,SD,3B,25,30,53,5,13,6,0,3,6,0,0,2,20,1,0,1,.245,.286,.528,.814
David Hensley,MIA,DH,28,23,52,9,11,1,0,1,4,1,0,6,17,0,0,0,.212,.293,.288,.581
Chadwick Tromp,ATL,C,29,19,52,3,13,6,0,0,6,0,0,1,17,0,1,0,.250,.259,.365,.624
Drew Romo,COL,C,23,16,51,4,9,3,0,0,6,0,1,2,18,0,0,0,.176,.208,.235,.443
Kyren Paris,LAA,SS,23,21,51,4,6,2,0,1,5,1,0,7,17,0,0,0,.118,.224,.216,.440
Rafael Marchan,PHI,C,26,17,51,8,15,4,0,3,6,0,0,3,8,1,0,1,.294,.345,.549,.894
Cole Tucker,LAA,OF,28,25,50,3,9,4,1,0,3,3,1,6,17,0,1,0,.180,.263,.300,.563
Avisail Garcia,MIA,OF,33,18,50,4,12,1,0,2,2,0,0,1,13,0,0,0,.240,.255,.380,.635
Mason McCoy,SD,SS,29,19,49,7,10,2,0,0,3,1,0,5,19,3,0,0,.204,.278,.245,.523
Tyler Black,MIL,DH,24,18,49,4,10,2,0,0,2,3,0,7,17,0,0,1,.204,.316,.245,.561
Thomas Saggese,STL,2B,22,18,49,5,10,2,0,1,4,0,0,2,14,0,0,1,.204,.250,.306,.556
Billy Cook,PIT,OF,26,16,49,5,11,2,0,3,8,1,0,0,19,0,0,0,.224,.224,.449,.673
Nick Ahmed,LAD,SS,34,17,48,6,11,0,0,1,2,1,0,1,14,0,0,0,.229,.245,.292,.537
Tomas Nido,CHC,C,30,17,47,5,6,2,0,1,4,0,0,1,15,1,1,0,.128,.143,.234,.377
Davis Wendzel,TEX,3B,27,27,47,2,6,2,0,1,2,0,0,1,12,0,0,1,.128,.163,.234,.397
Rece Hinds,CIN,OF,24,24,46,9,12,4,1,5,11,2,0,4,16,0,0,1,.261,.333,.717,1.050
David Bote,CHC,2B,31,37,46,4,14,4,0,0,6,0,0,2,13,0,0,0,.304,.333,.391,.724
Luke Williams,ATL,SS,28,37,46,8,9,3,0,0,4,3,0,4,13,1,0,1,.196,.275,.261,.536
Gustavo Campero,LAA,OF,27,13,46,6,11,0,1,1,6,3,0,0,8,0,0,2,.239,.271,.348,.619
Tyler Locklear,SEA,1B,24,16,45,3,7,1,0,2,3,1,0,3,20,0,0,1,.156,.224,.311,.535
Ryan Vilade,DET,OF,26,17,45,5,8,0,0,1,5,0,0,2,12,1,1,0,.178,.208,.244,.452
Derek Hill,TEX,OF,29,16,43,5,11,0,0,3,5,2,1,2,14,0,0,0,.256,.289,.465,.754
Jahmai Jones,NYY,DH,27,33,42,8,10,1,1,1,4,1,1,2,16,1,0,2,.238,.304,.381,.685
Austin Shenton,TB,3B,27,19,42,3,9,5,0,1,3,0,0,8,14,0,0,0,.214,.340,.405,.745
Justin Foscue,TEX,DH,26,15,42,3,2,1,0,0,1,0,0,2,18,0,0,0,.048,.091,.071,.162
Rene Pinto,TB,C,28,19,42,5,9,3,0,2,6,0,0,4,18,1,1,1,.214,.292,.429,.721
Coby Mayo,BAL,3B,23,17,41,4,4,0,0,0,0,0,0,4,22,0,0,1,.098,.196,.098,.294
Shay Whitcomb,HOU,3B,26,20,41,1,9,3,0,0,5,0,0,5,8,0,0,0,.220,.304,.293,.597
Jonatan Clase,SEA,OF,22,19,41,4,8,1,0,0,3,3,0,2,14,0,0,0,.195,.233,.220,.453
Luken Baker,STL,DH,27,21,40,3,7,1,1,2,10,1,0,7,11,0,2,0,.175,.286,.400,.686
Jamie Westbrook,BOS,OF,29,21,40,4,6,2,0,2,7,0,0,4,14,0,2,1,.150,.234,.350,.584
Yoan Moncada,CWS,3B,29,12,40,4,11,3,1,0,0,1,0,5,11,0,0,0,.275,.356,.400,.756
Luisangel Acuna,NYM,SS,22,14,39,6,12,2,1,3,6,0,1,1,6,0,0,0,.308,.325,.641,.966
Eli White,ATL,OF,30,35,39,9,11,1,1,1,4,3,1,1,12,0,0,2,.282,.333,.436,.769
Seby Zavala,SEA,C,31,18,39,4,6,2,0,1,2,0,0,3,16,1,0,0,.154,.214,.282,.496
Jhonny Pereda,MIA,C,28,20,39,2,9,0,0,0,4,0,0,0,10,0,0,1,.231,.250,.231,.481
Nick Yorke,PIT,2B,22,11,37,4,8,0,0,2,5,2,0,4,12,0,1,0,.216,.286,.378,.664
Armando Alvarez,OAK,3B,30,16,37,7,9,1,0,0,2,1,0,2,8,0,0,0,.243,.282,.270,.552
Steward Berroa,TOR,OF,25,28,37,7,7,1,0,0,1,6,2,8,14,0,0,0,.189,.333,.216,.549
Garrett Cooper,CHC,1B,34,12,37,3,10,1,1,1,6,0,0,4,13,0,0,0,.270,.341,.432,.773
Jonathan Ornelas,TEX,SS,24,18,37,1,8,2,0,0,3,0,0,2,13,1,0,0,.216,.256,.270,.526
Luis Guillorme,ARI,2B,30,18,37,6,6,2,0,0,4,3,0,11,8,0,1,0,.162,.347,.216,.563
Joey Wendle,NYM,3B,34,18,36,3,8,1,0,0,1,1,0,1,9,0,0,0,.222,.243,.250,.493
Kyle Stowers,BAL,OF,27,19,36,3,11,4,0,1,9,0,1,0,13,0,1,0,.306,.297,.500,.797
Adael Amador,COL,2B,21,10,35,1,6,1,0,0,0,1,0,1,6,0,0,0,.171,.194,.200,.394
Logan Driscoll,TB,C,27,15,35,2,6,0,0,1,5,0,0,1,6,0,1,0,.171,.189,.257,.446
Jordyn Adams,LAA,OF,25,11,35,4,8,0,0,1,4,2,0,3,12,0,0,0,.229,.289,.314,.603
David Villar,SF,2B,28,11,35,3,9,4,0,1,4,0,0,1,13,0,1,0,.257,.270,.457,.727
Javier Sanoja,MIA,OF,22,15,35,3,8,2,0,0,2,0,0,1,4,0,0,0,.229,.250,.286,.536
Tom Murphy,SF,C,33,13,34,3,4,1,0,1,2,0,0,4,14,0,0,0,.118,.211,.235,.446
Oscar Colas,CWS,OF,26,13,33,1,9,0,0,0,4,0,1,4,10,0,0,1,.273,.368,.273,.641
Zach Remillard,CWS,2B,31,15,33,3,8,1,1,0,1,1,0,5,10,1,0,0,.242,.342,.333,.675
Connor Norby,BAL,3B,24,9,32,3,6,1,0,2,3,0,0,0,12,0,0,0,.188,.188,.406,.594
Graham Pauley,SD,3B,24,13,32,4,4,0,0,2,5,0,0,0,15,0,0,0,.125,.125,.313,.438
Blake Sabol,SF,C,27,11,32,3,10,2,0,0,1,0,0,5,9,0,0,1,.313,.421,.375,.796
Robbie Grossman,KC,OF,35,16,32,2,4,0,0,0,2,0,0,5,13,0,0,1,.125,.263,.125,.388
Travis Blankenhorn,WSH,3B,28,13,31,2,4,1,0,0,5,0,0,1,9,0,0,0,.129,.156,.161,.317
Johnathan Rodriguez,CLE,OF,25,13,31,6,4,1,0,0,5,0,0,9,14,0,0,0,.129,.325,.161,.486
Nick Senzel,CWS,OF,29,10,30,0,3,1,0,0,0,0,0,1,8,1,0,0,.100,.129,.133,.262
Nacho Alvarez,ATL,SS,21,8,30,1,3,0,0,0,0,0,0,0,10,0,0,2,.100,.156,.100,.256
Luis De Los Santos,TOR,3B,26,13,29,2,5,2,0,0,1,0,0,2,10,0,0,0,.172,.226,.241,.467
Forrest Wall,ATL,OF,29,13,29,3,7,0,0,0,1,3,3,3,6,0,0,0,.241,.313,.241,.554
Aledmys Diaz,OAK,SS,34,12,29,2,3,0,0,0,1,0,0,1,7,0,0,0,.103,.133,.103,.236
Jason Vosler,SEA,3B,31,10,28,2,5,1,1,0,3,0,0,2,9,0,0,0,.179,.233,.286,.519
Keston Hiura,LAA,1B,28,10,27,1,4,0,0,0,1,0,1,0,10,0,0,0,.148,.148,.148,.296
Owen Miller,MIL,2B,28,14,27,2,5,1,0,0,3,0,0,0,8,0,0,0,.185,.185,.222,.407
Dominic Smith,CIN,1B,29,9,26,4,5,2,0,0,0,0,0,3,11,0,0,0,.192,.276,.269,.545
Ehire Adrianza,LAA,OF,35,8,26,4,5,1,0,1,2,0,0,2,11,0,0,0,.192,.250,.346,.596
Matt Mervis,CHC,DH,26,9,26,1,3,1,0,0,3,0,0,1,8,0,0,0,.115,.148,.154,.302
Joey Wiemer,MIL,OF,26,19,26,2,4,0,0,0,0,1,1,1,9,0,0,0,.154,.185,.154,.339
Blake Dunn,CIN,OF,26,19,26,8,4,1,0,1,1,2,0,2,11,0,0,1,.154,.241,.308,.549
Trenton Brooks,SF,1B,29,12,25,3,3,0,0,0,1,1,0,4,6,0,0,0,.120,.241,.120,.361
Cesar Salazar,HOU,C,28,12,25,5,8,2,0,0,8,0,0,2,6,1,2,2,.320,.387,.400,.787
Billy McKinney,PIT,OF,30,10,25,4,5,1,0,0,2,0,0,2,13,0,0,1,.200,.286,.240,.526
Kevin Pillar,CWS,OF,36,17,25,1,4,2,0,1,4,2,0,4,8,1,1,1,.160,.290,.360,.650
Victor Robles,WSH,OF,27,14,25,3,3,0,0,0,2,4,1,5,9,1,1,1,.120,.281,.120,.401
Alexander Canario,CHC,OF,24,15,25,4,7,1,0,1,2,1,0,2,11,0,0,1,.280,.357,.440,.797
Cal Stevenson,PHI,OF,28,18,24,2,6,3,0,0,6,0,0,3,4,0,0,0,.250,.333,.375,.708
Ben Gamel,NYM,OF,32,18,23,9,5,1,0,0,0,1,0,7,7,0,0,0,.217,.400,.261,.661
Jace Peterson,ARI,3B,34,14,22,2,1,0,0,0,1,0,0,3,6,0,1,0,.045,.154,.045,.199
Donovan Walton,SF,SS,30,9,22,3,3,0,0,1,2,0,0,2,7,0,0,1,.136,.240,.273,.513
Grae Kessinger,HOU,3B,27,23,21,4,0,0,0,0,0,0,0,3,7,0,0,1,.000,.160,.000,.160
Tristan Gray,OAK,1B,28,8,21,0,3,1,0,0,0,0,0,3,13,0,0,0,.143,.250,.190,.440
Charles Leblanc,LAA,3B,28,11,21,6,4,0,0,2,6,0,0,7,9,0,0,0,.190,.393,.476,.869
Elias Diaz,SD,C,34,12,21,1,4,2,0,1,3,0,0,3,5,0,0,0,.190,.292,.429,.721
Luis Guillorme,ATL,2B,30,10,20,2,3,2,0,0,3,0,0,1,5,0,0,0,.150,.190,.250,.440
Jonatan Clase,TOR,OF,22,7,20,3,7,1,0,1,2,0,1,1,3,0,0,2,.350,.435,.550,.985
Pedro Leon,HOU,OF,26,7,20,2,2,0,0,0,0,2,0,1,10,0,0,0,.100,.143,.100,.243
Austin Wynns,CIN,C,34,7,19,3,7,4,0,0,2,0,0,0,5,0,0,1,.368,.400,.579,.979
J.D. Davis,NYY,3B,31,7,19,1,2,1,0,0,1,0,0,3,9,0,0,0,.105,.227,.158,.385
Austin Slater,CIN,OF,32,8,18,2,2,0,0,0,3,0,0,2,6,0,1,0,.111,.190,.111,.301
Bubba Thompson,CIN,OF,26,17,18,5,2,1,0,0,0,5,0,0,11,0,0,0,.111,.111,.167,.278
Mickey Gasper,BOS,C,29,13,18,1,0,0,0,0,0,0,0,4,8,0,0,1,.000,.217,.000,.217
Isaac Collins,MIL,OF,27,11,17,0,2,0,0,0,0,1,0,2,10,0,0,0,.118,.211,.118,.329
Jorge Barrosa,ARI,OF,24,8,17,3,3,2,0,0,1,1,0,0,2,1,0,0,.176,.176,.294,.470
Drew Waters,KC,OF,26,7,16,2,3,1,0,0,1,0,0,2,6,0,0,1,.188,.316,.250,.566
Brett Sullivan,SD,C,31,7,16,1,3,0,0,1,2,0,0,1,4,0,0,0,.188,.235,.375,.610
Niko Goodrum,TB,OF,33,9,16,1,3,0,0,0,0,0,1,1,6,1,0,0,.188,.235,.188,.423
Sam Haggerty,SEA,OF,30,8,15,1,1,0,0,0,1,1,0,1,4,0,0,0,.067,.125,.067,.192
Jason Delay,PIT,C,29,7,15,1,3,3,0,0,6,0,0,3,0,1,0,0,.200,.333,.400,.733
Kameron Misner,TB,OF,27,8,15,0,1,0,0,0,0,0,0,0,10,0,0,0,.067,.067,.067,.134
Rafael Ortega,CWS,OF,33,14,14,4,1,0,0,0,1,2,0,2,4,0,1,0,.071,.176,.071,.247
Jakson Reetz,SF,C,29,6,14,1,2,1,0,1,1,0,0,1,5,0,0,0,.143,.200,.429,.629
Darren Baker,WSH,2B,26,9,14,1,7,2,0,0,0,0,0,0,3,0,0,0,.500,.500,.643,1.143
Carlos Narvaez,NYY,C,26,6,13,0,3,0,0,0,0,0,0,2,6,0,0,0,.231,.333,.231,.564
Niko Goodrum,LAA,OF,33,4,13,1,0,0,0,0,0,1,0,2,4,0,0,0,.000,.133,.000,.133
DaShawn Keirsey,MIN,OF,27,6,13,1,2,0,0,1,1,0,0,0,1,0,0,1,.154,.214,.385,.599
Derek Hill,SF,OF,29,5,12,3,3,0,1,0,2,0,0,1,3,0,0,0,.250,.308,.417,.725
Hunter Feduccia,LAD,C,27,5,12,2,4,0,0,0,1,0,0,2,2,0,0,0,.333,.429,.333,.762
Luis Vazquez,CHC,SS,25,11,12,2,1,0,0,0,1,0,0,0,6,0,1,1,.083,.143,.083,.226
Brandon Lockridge,SD,OF,27,12,12,4,2,0,0,1,1,2,0,0,4,0,0,0,.167,.167,.417,.584
Bryce Teodosio,LAA,OF,25,5,12,1,1,0,0,0,0,0,0,0,5,0,0,0,.083,.083,.083,.166
Amed Rosario,LAD,2B,29,5,11,1,3,1,0,0,2,1,1,1,2,0,0,0,.273,.333,.364,.697
Buddy Kennedy,PHI,3B,26,8,11,1,2,1,0,0,2,0,0,2,3,0,0,0,.182,.308,.273,.581
Buddy Kennedy,DET,3B,26,6,10,2,2,0,0,1,4,1,0,2,4,0,1,0,.200,.308,.500,.808
J.P. Martinez,ATL,OF,28,7,10,2,2,1,0,0,0,1,0,0,4,0,0,0,.200,.200,.300,.500
Oswald Peraza,NYY,3B,24,4,10,2,2,0,0,1,1,0,0,1,3,0,0,0,.200,.273,.500,.773
Livan Soto,BAL,SS,24,12,10,1,3,1,0,0,0,0,0,3,2,0,0,0,.300,.462,.400,.862
Kevin Alcantara,CHC,OF,22,3,10,1,1,0,0,0,0,0,0,0,1,0,0,0,.100,.100,.100,.200
Michael Helman,MIN,2B,28,9,10,2,3,2,0,0,0,0,0,0,3,0,0,0,.300,.300,.500,.800
Liover Peguero,PIT,SS,24,3,10,0,2,1,0,0,2,0,0,0,3,0,0,0,.200,.200,.300,.500
Tyler Heineman,TOR,C,33,6,10,2,1,0,0,0,0,0,0,3,5,0,0,0,.100,.308,.100,.408
Levi Jordan,CIN,3B,29,7,10,1,1,1,0,0,1,0,0,0,3,0,1,0,.100,.091,.200,.291
Vinny Capra,MIL,3B,28,3,9,1,1,1,0,0,0,0,0,0,3,0,0,0,.111,.111,.222,.333
Tony Kemp,BAL,2B,33,5,9,1,0,0,0,0,0,0,0,1,1,0,0,0,.000,.100,.000,.100
Eddy Alvarez,NYM,2B,35,13,9,2,0,0,0,0,0,0,0,1,2,0,0,1,.000,.182,.000,.182
Rob Brantly,TB,C,35,3,9,0,1,0,0,0,0,0,0,0,2,0,0,0,.111,.111,.111,.222
Zack Short,NYM,2B,29,10,9,2,1,0,0,0,0,0,1,2,4,1,0,0,.111,.273,.111,.384
Edwin Rios,CIN,1B,30,5,9,1,1,0,0,0,0,0,0,1,4,0,0,0,.111,.200,.111,.311
David Fletcher,ATL,2B,30,5,8,0,2,0,0,0,2,0,0,0,1,0,1,0,.250,.222,.250,.472
CJ Alexander,KC,3B,28,4,8,0,1,0,0,0,0,0,0,0,3,0,0,0,.125,.125,.125,.250
Conner Capel,CIN,OF,27,5,8,1,2,0,0,0,0,1,0,0,2,0,0,0,.250,.250,.250,.500
Ryan McKenna,BAL,OF,28,9,8,3,3,0,0,2,2,0,1,1,1,0,0,0,.375,.444,1.125,1.569
Cade Marlowe,SEA,OF,27,8,8,1,2,0,0,0,0,0,0,1,1,0,0,0,.250,.333,.250,.583
Cooper Hummel,HOU,DH,30,6,8,0,0,0,0,0,0,1,0,0,2,0,0,0,.000,.000,.000,.000
Matt Duffy,TEX,3B,34,4,7,2,2,0,0,0,0,0,0,2,1,0,0,1,.286,.500,.286,.786
Aramis Garcia,PHI,C,32,3,7,0,0,0,0,0,0,0,0,0,3,0,0,0,.000,.000,.000,.000
Nick Ahmed,SD,SS,34,2,7,1,1,0,0,0,0,0,0,0,2,0,0,0,.143,.143,.143,.286
Zack Short,BOS,2B,29,2,7,0,0,0,0,0,0,0,0,0,4,0,0,0,.000,.000,.000,.000
Grant Koch,PIT,C,28,3,7,1,0,0,0,0,0,0,0,1,6,0,0,0,.000,.125,.000,.125
Tristan Gray,MIA,1B,28,7,7,0,0,0,0,0,0,0,0,0,3,0,0,0,.000,.000,.000,.000
Dustin Harris,TEX,OF,25,2,6,1,2,1,0,1,3,0,0,1,2,0,0,0,.333,.429,1.000,1.429
Andrew Knapp,SF,C,33,3,6,0,1,0,0,0,0,0,0,0,2,0,0,0,.167,.167,.167,.334
Diego A. Castillo,MIN,OF,27,4,6,3,2,1,0,0,2,0,0,2,1,0,0,0,.333,.500,.500,1.000
Ryan McKenna,SF,OF,28,4,6,1,0,0,0,0,0,1,0,0,4,0,0,0,.000,.000,.000,.000
Taylor Trammell,LAD,OF,27,5,6,0,0,0,0,0,0,0,0,0,3,0,0,0,.000,.000,.000,.000
Jair Camargo,MIN,C,25,5,6,1,0,0,0,0,0,0,0,1,3,0,0,0,.000,.143,.000,.143
Tyler Gentry,KC,OF,26,3,5,0,0,0,0,0,0,0,0,0,2,0,0,0,.000,.000,.000,.000
Stone Garrett,WSH,DH,29,2,5,2,3,1,0,1,3,0,0,1,0,0,0,0,.600,.667,1.400,2.067
Sandro Fabian,TEX,OF,26,3,5,0,0,0,0,0,0,0,0,0,0,0,0,0,.000,.000,.000,.000
Brian Anderson,ATL,3B,31,3,5,0,0,0,0,0,0,0,0,0,2,0,0,0,.000,.000,.000,.000
Cavan Biggio,ATL,2B,29,4,5,1,1,0,0,0,0,0,0,0,2,0,0,0,.200,.200,.200,.400
Greg Jones,COL,OF,26,6,5,1,1,0,0,1,1,0,0,1,4,0,0,0,.200,.333,.800,1.133
Nick Maton,BAL,3B,28,5,5,0,0,0,0,0,0,0,0,0,2,0,0,0,.000,.000,.000,.000
Brewer Hicklen,MIL,OF,29,3,5,0,0,0,0,0,0,1,0,0,4,0,0,0,.000,.000,.000,.000
Samad Taylor,SEA,2B,26,3,5,2,2,0,0,0,0,0,0,0,1,0,0,0,.400,.400,.400,.800
Myles Straw,CLE,OF,30,7,4,2,1,0,0,0,0,2,0,0,0,0,0,0,.250,.250,.250,.500
Jose Devers,MIA,SS,25,3,4,1,1,0,0,0,0,0,0,0,1,0,0,0,.250,.250,.250,.500
Jose Tena,CLE,3B,23,3,4,0,0,0,0,0,0,0,0,0,2,0,0,0,.000,.000,.000,.000
Aledmys Diaz,HOU,SS,34,2,4,0,0,0,0,0,0,0,0,0,2,0,0,0,.000,.000,.000,.000
Duke Ellis,CWS,OF,27,8,4,1,0,0,0,0,0,4,0,0,2,0,0,0,.000,.000,.000,.000
Matthew Batten,SD,3B,29,1,3,0,1,0,1,0,0,0,0,0,0,0,0,0,.333,.333,1.000,1.333
Forrest Wall,MIA,OF,29,3,3,1,1,0,0,0,0,1,0,0,2,0,0,0,.333,.333,.333,.666
Orelvis Martinez,TOR,2B,23,1,3,0,1,0,0,0,0,0,0,0,1,0,0,0,.333,.333,.333,.666
Sam Huff,TEX,C,27,3,3,0,0,0,0,0,0,0,0,1,2,0,0,0,.000,.250,.000,.250
Livan Soto,CIN,SS,24,1,3,0,0,0,0,0,0,0,0,0,1,0,0,0,.000,.000,.000,.000
Tyler Heineman,BOS,C,33,2,2,0,0,0,0,0,0,0,0,0,1,0,0,1,.000,.333,.000,.333
Cristian Pache,BAL,OF,26,3,1,0,1,0,0,0,0,0,0,0,0,0,0,0,1.000,1.000,1.000,2.000
Taylor Trammell,NYY,OF,27,5,1,2,1,0,0,0,0,0,0,1,0,0,0,0,1.000,1.000,1.000,2.000
Daniel Johnson,BAL,OF,29,1,1,1,0,0,0,0,0,0,0,0,0,0,0,0,.000,.000,.000,.000
David Banuelos,BAL,C,28,1,1,0,0,0,0,0,0,0,0,0,0,0,0,0,.000,.000,.000,.000
Jacob Amaya,HOU,SS,26,1,1,0,0,0,0,0,0,0,0,0,0,0,0,0,.000,.000,.000,.000
Duke Ellis,NYY,OF,27,3,1,0,1,0,0,0,0,1,0,0,0,0,0,0,1.000,1.000,1.000,2.000
Chris Roller,MIL,OF,28,1,1,0,0,0,0,0,0,0,0,0,1,0,0,0,.000,.000,.000,.000
Eric Yang,CIN,C,26,1,1,0,0,0,0,0,0,0,0,0,1,0,0,0,.000,.000,.000,.000
Joey Wiemer,CIN,OF,26,2,0,0,0,0,0,0,0,0,0,1,0,0,0,0,.000,1.000,.000,1.000